event_id,event_family,scheduled_time_utc,scheduled_time_local,source_timezone,source_agency,source_document_id_or_url,release_stage,historical_exception_flag,normalization_version
cdf7a3fd399ace143a32,NFP,2021-01-08T13:30:00+00:00,2021-01-08T08:30:00-05:00,America/New_York,BLS,https://www.bls.gov/schedule/2021/home.htm,,0,IPV1_MACRO_SCHEDULE_V1
39f874e755f405f0325b,JOLTS,2021-01-12T15:00:00+00:00,2021-01-12T10:00:00-05:00,America/New_York,BLS,https://www.bls.gov/schedule/2021/home.htm,,0,IPV1_MACRO_SCHEDULE_V1
1c94d8af35e22f643bf7,CPI,2021-01-13T13:30:00+00:00,2021-01-13T08:30:00-05:00,America/New_York,BLS,https://www.bls.gov/schedule/2021/home.htm,,0,IPV1_MACRO_SCHEDULE_V1
4eb561220ccac2180d67,NFP,2021-02-05T13:30:00+00:00,2021-02-05T08:30:00-05:00,America/New_York,BLS,https://www.bls.gov/schedule/2021/home.htm,,0,IPV1_MACRO_SCHEDULE_V1
053d18e6815f5a2114f4,JOLTS,2021-02-09T15:00:00+00:00,2021-02-09T10:00:00-05:00,America/New_York,BLS,https://www.bls.gov/schedule/2021/home.htm,,0,IPV1_MACRO_SCHEDULE_V1
8f7d2be17ee84b3ea5e9,CPI,2021-02-10T13:30:00+00:00,2021-02-10T08:30:00-05:00,America/New_York,BLS,https://www.bls.gov/schedule/2021/home.htm,,0,IPV1_MACRO_SCHEDULE_V1
416fc0f26f572c4e04fe,NFP,2021-03-05T13:30:00+00:00,2021-03-05T08:30:00-05:00,America/New_York,BLS,https://www.bls.gov/schedule/2021/home.htm,,0,IPV1_MACRO_SCHEDULE_V1
c62659d86d28eb4ff088,CPI,2021-03-10T13:30:00+00:00,2021-03-10T08:30:00-05:00,America/New_York,BLS,https://www.bls.gov/schedule/2021/home.htm,,0,IPV1_MACRO_SCHEDULE_V1
e5bcbf69fc89b35d5e5b,JOLTS,2021-03-11T15:00:00+00:00,2021-03-11T10:00:00-05:00,America/New_York,BLS,https://www.bls.gov/schedule/2021/home.htm,,0,IPV1_MACRO_SCHEDULE_V1
636719e8aa543ecef0b2,NFP,2021-04-02T12:30:00+00:00,2021-04-02T08:30:00-04:00,America/New_York,BLS,https://www.bls.gov/schedule/2021/home.htm,,0,IPV1_MACRO_SCHEDULE_V1
e9ae105d5213e7961c0b,JOLTS,2021-04-06T14:00:00+00:00,2021-04-06T10:00:00-04:00,America/New_York,BLS,https://www.bls.gov/schedule/2021/home.htm,,0,IPV1_MACRO_SCHEDULE_V1
7ba3fbbfd185dd87f470,CPI,2021-04-13T12:30:00+00:00,2021-04-13T08:30:00-04:00,America/New_York,BLS,https://www.bls.gov/schedule/2021/home.htm,,0,IPV1_MACRO_SCHEDULE_V1
c59db8880d915fecdd73,NFP,2021-05-07T12:30:00+00:00,2021-05-07T08:30:00-04:00,America/New_York,BLS,https://www.bls.gov/schedule/2021/home.htm,,0,IPV1_MACRO_SCHEDULE_V1
6589b196cc23c2dcbf9b,JOLTS,2021-05-11T14:00:00+00:00,2021-05-11T10:00:00-04:00,America/New_York,BLS,https://www.bls.gov/schedule/2021/home.htm,,0,IPV1_MACRO_SCHEDULE_V1
617439ff6a4e14c7e99c,CPI,2021-05-12T12:30:00+00:00,2021-05-12T08:30:00-04:00,America/New_York,BLS,https://www.bls.gov/schedule/2021/home.htm,,0,IPV1_MACRO_SCHEDULE_V1
95356bd043d8e714e13b,NFP,2021-06-04T12:30:00+00:00,2021-06-04T08:30:00-04:00,America/New_York,BLS,https://www.bls.gov/schedule/2021/home.htm,,0,IPV1_MACRO_SCHEDULE_V1
714ac37e0db7f9f48219,JOLTS,2021-06-08T14:00:00+00:00,2021-06-08T10:00:00-04:00,America/New_York,BLS,https://www.bls.gov/schedule/2021/home.htm,,0,IPV1_MACRO_SCHEDULE_V1
c07f727462adb6140b27,CPI,2021-06-10T12:30:00+00:00,2021-06-10T08:30:00-04:00,America/New_York,BLS,https://www.bls.gov/schedule/2021/home.htm,,0,IPV1_MACRO_SCHEDULE_V1
a5dbe08d2b998a2b642b,NFP,2021-07-02T12:30:00+00:00,2021-07-02T08:30:00-04:00,America/New_York,BLS,https://www.bls.gov/schedule/2021/home.htm,,0,IPV1_MACRO_SCHEDULE_V1
ff177d910baa1daf330d,JOLTS,2021-07-07T14:00:00+00:00,2021-07-07T10:00:00-04:00,America/New_York,BLS,https://www.bls.gov/schedule/2021/home.htm,,0,IPV1_MACRO_SCHEDULE_V1
dcd6193a3c9700781815,CPI,2021-07-13T12:30:00+00:00,2021-07-13T08:30:00-04:00,America/New_York,BLS,https://www.bls.gov/schedule/2021/home.htm,,0,IPV1_MACRO_SCHEDULE_V1
2c62626f857ff8f5bdc9,NFP,2021-08-06T12:30:00+00:00,2021-08-06T08:30:00-04:00,America/New_York,BLS,https://www.bls.gov/schedule/2021/home.htm,,0,IPV1_MACRO_SCHEDULE_V1
bbe3b001810fbfc974b8,JOLTS,2021-08-09T14:00:00+00:00,2021-08-09T10:00:00-04:00,America/New_York,BLS,https://www.bls.gov/schedule/2021/home.htm,,0,IPV1_MACRO_SCHEDULE_V1
20953aa19b918ccfd6d9,CPI,2021-08-11T12:30:00+00:00,2021-08-11T08:30:00-04:00,America/New_York,BLS,https://www.bls.gov/schedule/2021/home.htm,,0,IPV1_MACRO_SCHEDULE_V1
c40dbf045b6f6ed7e0e0,NFP,2021-09-03T12:30:00+00:00,2021-09-03T08:30:00-04:00,America/New_York,BLS,https://www.bls.gov/schedule/2021/home.htm,,0,IPV1_MACRO_SCHEDULE_V1
c08f99baf6b49f61b81b,JOLTS,2021-09-08T14:00:00+00:00,2021-09-08T10:00:00-04:00,America/New_York,BLS,https://www.bls.gov/schedule/2021/home.htm,,0,IPV1_MACRO_SCHEDULE_V1
1df59aca10b22fc3d67b,CPI,2021-09-14T12:30:00+00:00,2021-09-14T08:30:00-04:00,America/New_York,BLS,https://www.bls.gov/schedule/2021/home.htm,,0,IPV1_MACRO_SCHEDULE_V1
e199ec34bd513f8a5357,NFP,2021-10-08T12:30:00+00:00,2021-10-08T08:30:00-04:00,America/New_York,BLS,https://www.bls.gov/schedule/2021/home.htm,,0,IPV1_MACRO_SCHEDULE_V1
a0d4a3534c1265faac67,JOLTS,2021-10-12T14:00:00+00:00,2021-10-12T10:00:00-04:00,America/New_York,BLS,https://www.bls.gov/schedule/2021/home.htm,,0,IPV1_MACRO_SCHEDULE_V1
1a28e46c751ccc7daa2f,CPI,2021-10-13T12:30:00+00:00,2021-10-13T08:30:00-04:00,America/New_York,BLS,https://www.bls.gov/schedule/2021/home.htm,,0,IPV1_MACRO_SCHEDULE_V1
54c044107b4b0d789e5b,NFP,2021-11-05T12:30:00+00:00,2021-11-05T08:30:00-04:00,America/New_York,BLS,https://www.bls.gov/schedule/2021/home.htm,,0,IPV1_MACRO_SCHEDULE_V1
eed84c975c423fc500be,CPI,2021-11-10T13:30:00+00:00,2021-11-10T08:30:00-05:00,America/New_York,BLS,https://www.bls.gov/schedule/2021/home.htm,,0,IPV1_MACRO_SCHEDULE_V1
569540f4146432133089,JOLTS,2021-11-12T15:00:00+00:00,2021-11-12T10:00:00-05:00,America/New_York,BLS,https://www.bls.gov/schedule/2021/home.htm,,0,IPV1_MACRO_SCHEDULE_V1
4cd36f5f89767b8086d3,NFP,2021-12-03T13:30:00+00:00,2021-12-03T08:30:00-05:00,America/New_York,BLS,https://www.bls.gov/schedule/2021/home.htm,,0,IPV1_MACRO_SCHEDULE_V1
bc80a14a4d2447ccf014,JOLTS,2021-12-08T15:00:00+00:00,2021-12-08T10:00:00-05:00,America/New_York,BLS,https://www.bls.gov/schedule/2021/home.htm,,0,IPV1_MACRO_SCHEDULE_V1
7bbd098b966c67ba78d1,CPI,2021-12-10T13:30:00+00:00,2021-12-10T08:30:00-05:00,America/New_York,BLS,https://www.bls.gov/schedule/2021/home.htm,,0,IPV1_MACRO_SCHEDULE_V1
