stream_id,source_date,source_window_text,chart_clock_anchor_text,anchor_status,control_window_status,source_evidence_ref,badar_repo_commit,audit_version
CqEhHmcjeyQ,2026-07-06,about 10:01–11:16 New York,19:01:29 UTC+5,EXACT_ANCHOR,COARSE_HEADER_WINDOW_ONLY_NOT_CONTROL_AUTHORIZED,notes/streams/CqEhHmcjeyQ.md header,2df3d588c4b6d82761df2ee0c6f6639e82ce3414,IPV1_STAGE3_STREAM_WINDOW_METADATA_V1
9d7IHhIAi6M,2026-07-07,about 10:03–11:05 New York,18:03:39 UTC+4,EXACT_ANCHOR,COARSE_HEADER_WINDOW_ONLY_NOT_CONTROL_AUTHORIZED,notes/streams/9d7IHhIAi6M.md header,2df3d588c4b6d82761df2ee0c6f6639e82ce3414,IPV1_STAGE3_STREAM_WINDOW_METADATA_V1
mGJ4dtVjlxE,2026-07-09,about 10:12–11:06 New York,18:12:13 UTC+4,EXACT_ANCHOR,COARSE_HEADER_WINDOW_ONLY_NOT_CONTROL_AUTHORIZED,notes/streams/mGJ4dtVjlxE.md header,2df3d588c4b6d82761df2ee0c6f6639e82ce3414,IPV1_STAGE3_STREAM_WINDOW_METADATA_V1
E2Vu2bndWRc,2026-07-10,about 09:59–10:51 New York,17:59:32 UTC+4,EXACT_ANCHOR,COARSE_HEADER_WINDOW_ONLY_NOT_CONTROL_AUTHORIZED,notes/streams/E2Vu2bndWRc.md header,2df3d588c4b6d82761df2ee0c6f6639e82ce3414,IPV1_STAGE3_STREAM_WINDOW_METADATA_V1
NPUPkMWzKTE,2026-07-21,about 10:03–11:10 New York,18:03:16 UTC+4,EXACT_ANCHOR,COARSE_HEADER_WINDOW_ONLY_NOT_CONTROL_AUTHORIZED,notes/streams/NPUPkMWzKTE.md header,2df3d588c4b6d82761df2ee0c6f6639e82ce3414,IPV1_STAGE3_STREAM_WINDOW_METADATA_V1
M078bAYBc-E,2026-07-22,about 10:03–11:16 New York,18:03:23 UTC+4,EXACT_ANCHOR,COARSE_HEADER_WINDOW_ONLY_NOT_CONTROL_AUTHORIZED,notes/streams/M078bAYBc-E.md header,2df3d588c4b6d82761df2ee0c6f6639e82ce3414,IPV1_STAGE3_STREAM_WINDOW_METADATA_V1
m0l1wj9IZ2o,2026-07-23,about 09:12–10:06 New York,17:11:53 UTC+4,EXACT_ANCHOR,COARSE_HEADER_WINDOW_ONLY_NOT_CONTROL_AUTHORIZED,notes/streams/m0l1wj9IZ2o.md header,2df3d588c4b6d82761df2ee0c6f6639e82ce3414,IPV1_STAGE3_STREAM_WINDOW_METADATA_V1
wQ5uxbmLlM4,2026-07-27,about 09:09–10:08 New York,17:09:36 UTC+4,EXACT_ANCHOR,COARSE_HEADER_WINDOW_ONLY_NOT_CONTROL_AUTHORIZED,notes/streams/wQ5uxbmLlM4.md header,2df3d588c4b6d82761df2ee0c6f6639e82ce3414,IPV1_STAGE3_STREAM_WINDOW_METADATA_V1
suuicaoUvDQ,2026-07-28,about 09:35–10:36 New York,17:35:44 UTC+4,EXACT_ANCHOR,COARSE_HEADER_WINDOW_ONLY_NOT_CONTROL_AUTHORIZED,notes/streams/suuicaoUvDQ.md header,2df3d588c4b6d82761df2ee0c6f6639e82ce3414,IPV1_STAGE3_STREAM_WINDOW_METADATA_V1
2c249LLRY_Q,2026-07-29,about 09:03–09:44 New York,17:02:56 UTC+4,EXACT_ANCHOR,COARSE_HEADER_WINDOW_ONLY_NOT_CONTROL_AUTHORIZED,notes/streams/2c249LLRY_Q.md header,2df3d588c4b6d82761df2ee0c6f6639e82ce3414,IPV1_STAGE3_STREAM_WINDOW_METADATA_V1
MbUagftbsIw,2026-07-29,about 13:54–14:33 New York,21:54:31 UTC+4,EXACT_ANCHOR,COARSE_HEADER_WINDOW_ONLY_NOT_CONTROL_AUTHORIZED,notes/streams/MbUagftbsIw.md header,2df3d588c4b6d82761df2ee0c6f6639e82ce3414,IPV1_STAGE3_STREAM_WINDOW_METADATA_V1
9D7wgJCdP5c,2026-07-30,about 09:04–09:53 New York,17:04:33 UTC+4,EXACT_ANCHOR,COARSE_HEADER_WINDOW_ONLY_NOT_CONTROL_AUTHORIZED,notes/streams/9D7wgJCdP5c.md header,2df3d588c4b6d82761df2ee0c6f6639e82ce3414,IPV1_STAGE3_STREAM_WINDOW_METADATA_V1
h93tKxejXwQ,2026-07-31,about 08:58–09:46 New York,16:58:38 UTC+4,EXACT_ANCHOR,COARSE_HEADER_WINDOW_ONLY_NOT_CONTROL_AUTHORIZED,notes/streams/h93tKxejXwQ.md header,2df3d588c4b6d82761df2ee0c6f6639e82ce3414,IPV1_STAGE3_STREAM_WINDOW_METADATA_V1
HOidQitTyAc,2026-08-03,about 09:00–10:18 New York,16:59:43 UTC+4,EXACT_ANCHOR,COARSE_HEADER_WINDOW_ONLY_NOT_CONTROL_AUTHORIZED,notes/streams/HOidQitTyAc.md header,2df3d588c4b6d82761df2ee0c6f6639e82ce3414,IPV1_STAGE3_STREAM_WINDOW_METADATA_V1
aEw6393GE1c,2026-08-03,about 08:04–08:44 London / 03:04–03:44 New York,11:04:18 UTC+4,EXACT_ANCHOR,COARSE_HEADER_WINDOW_ONLY_NOT_CONTROL_AUTHORIZED,notes/streams/aEw6393GE1c.md header,2df3d588c4b6d82761df2ee0c6f6639e82ce3414,IPV1_STAGE3_STREAM_WINDOW_METADATA_V1
EVm0u9Csglk,2026-08-04,about 10:55–11:50 New York,0:00 approximately 18:55:18–18:55:57 UTC+4,APPROX_ANCHOR,COARSE_HEADER_WINDOW_ONLY_NOT_CONTROL_AUTHORIZED,notes/streams/EVm0u9Csglk.md header,2df3d588c4b6d82761df2ee0c6f6639e82ce3414,IPV1_STAGE3_STREAM_WINDOW_METADATA_V1
HwXIifB0P6o,2026-08-04,about 08:04–08:56 London / 03:04–03:56 New York,11:04:45 UTC+4,EXACT_ANCHOR,COARSE_HEADER_WINDOW_ONLY_NOT_CONTROL_AUTHORIZED,notes/streams/HwXIifB0P6o.md header,2df3d588c4b6d82761df2ee0c6f6639e82ce3414,IPV1_STAGE3_STREAM_WINDOW_METADATA_V1
KsWpzeJhAVk,2026-08-05,about 07:55–08:53 London / 02:55–03:53 New York,10:55:32 UTC+4,EXACT_ANCHOR,COARSE_HEADER_WINDOW_ONLY_NOT_CONTROL_AUTHORIZED,notes/streams/KsWpzeJhAVk.md header,2df3d588c4b6d82761df2ee0c6f6639e82ce3414,IPV1_STAGE3_STREAM_WINDOW_METADATA_V1
OCBsHuFhjUQ,2026-08-05,about 09:05–10:04 New York,17:05:35 UTC+4,EXACT_ANCHOR,COARSE_HEADER_WINDOW_ONLY_NOT_CONTROL_AUTHORIZED,notes/streams/OCBsHuFhjUQ.md header,2df3d588c4b6d82761df2ee0c6f6639e82ce3414,IPV1_STAGE3_STREAM_WINDOW_METADATA_V1
gfP4EW1IfVE,2026-08-06,about 08:01–08:51 London / 03:01–03:51 New York,11:01:30 UTC+4,EXACT_ANCHOR,COARSE_HEADER_WINDOW_ONLY_NOT_CONTROL_AUTHORIZED,notes/streams/gfP4EW1IfVE.md header,2df3d588c4b6d82761df2ee0c6f6639e82ce3414,IPV1_STAGE3_STREAM_WINDOW_METADATA_V1
ldrw26fGZOE,2026-08-06,about 08:59–09:46 New York,0:00 approximately 16:59:00 UTC+4 inferred from frame 2:40,APPROX_ANCHOR,COARSE_HEADER_WINDOW_ONLY_NOT_CONTROL_AUTHORIZED,notes/streams/ldrw26fGZOE.md header,2df3d588c4b6d82761df2ee0c6f6639e82ce3414,IPV1_STAGE3_STREAM_WINDOW_METADATA_V1
NIDMLJuBPwk,2026-08-07,about 08:05–09:13 New York,16:05:19 UTC+4,EXACT_ANCHOR,COARSE_HEADER_WINDOW_ONLY_NOT_CONTROL_AUTHORIZED,notes/streams/NIDMLJuBPwk.md header,2df3d588c4b6d82761df2ee0c6f6639e82ce3414,IPV1_STAGE3_STREAM_WINDOW_METADATA_V1
W2oZdVu2rxE,2026-08-13,about 09:18–10:02 New York,17:18:09 UTC+4,EXACT_ANCHOR,COARSE_HEADER_WINDOW_ONLY_NOT_CONTROL_AUTHORIZED,notes/streams/W2oZdVu2rxE.md header,2df3d588c4b6d82761df2ee0c6f6639e82ce3414,IPV1_STAGE3_STREAM_WINDOW_METADATA_V1
IQ4J5GJJK5Q,2026-08-17,about 09:30–10:02 New York,17:30:32 UTC+4,EXACT_ANCHOR,COARSE_HEADER_WINDOW_ONLY_NOT_CONTROL_AUTHORIZED,notes/streams/IQ4J5GJJK5Q.md header,2df3d588c4b6d82761df2ee0c6f6639e82ce3414,IPV1_STAGE3_STREAM_WINDOW_METADATA_V1
JJOGnPBF67I,2026-08-17,about 08:09–08:43 London / 03:09–03:43 New York,11:08:59 UTC+4,EXACT_ANCHOR,COARSE_HEADER_WINDOW_ONLY_NOT_CONTROL_AUTHORIZED,notes/streams/JJOGnPBF67I.md header,2df3d588c4b6d82761df2ee0c6f6639e82ce3414,IPV1_STAGE3_STREAM_WINDOW_METADATA_V1
u7KGSeF2lA0,2026-08-28,about 09:50–10:35 New York,0:00 approximately 17:50 UTC+4 inferred from frame 4:40,APPROX_ANCHOR,COARSE_HEADER_WINDOW_ONLY_NOT_CONTROL_AUTHORIZED,notes/streams/u7KGSeF2lA0.md header,2df3d588c4b6d82761df2ee0c6f6639e82ce3414,IPV1_STAGE3_STREAM_WINDOW_METADATA_V1
q6wgyFyzIs0,2026-08-31,about 10:10–11:25 New York,18:10:19 UTC+4,EXACT_ANCHOR,COARSE_HEADER_WINDOW_ONLY_NOT_CONTROL_AUTHORIZED,notes/streams/q6wgyFyzIs0.md header,2df3d588c4b6d82761df2ee0c6f6639e82ce3414,IPV1_STAGE3_STREAM_WINDOW_METADATA_V1
CKTqdFza1HE,2026-09-02,about 10:06–11:11 New York,18:06:13 UTC+4,EXACT_ANCHOR,COARSE_HEADER_WINDOW_ONLY_NOT_CONTROL_AUTHORIZED,notes/streams/CKTqdFza1HE.md header,2df3d588c4b6d82761df2ee0c6f6639e82ce3414,IPV1_STAGE3_STREAM_WINDOW_METADATA_V1
B83jlxwuo10,2026-09-04,about 08:09–09:03 New York,16:09:09 UTC+4,EXACT_ANCHOR,COARSE_HEADER_WINDOW_ONLY_NOT_CONTROL_AUTHORIZED,notes/streams/B83jlxwuo10.md header,2df3d588c4b6d82761df2ee0c6f6639e82ce3414,IPV1_STAGE3_STREAM_WINDOW_METADATA_V1
C18mm9p2oW4,2026-09-14,about 09:09–10:14 New York,17:09:09 UTC+4,EXACT_ANCHOR,COARSE_HEADER_WINDOW_ONLY_NOT_CONTROL_AUTHORIZED,notes/streams/C18mm9p2oW4.md header,2df3d588c4b6d82761df2ee0c6f6639e82ce3414,IPV1_STAGE3_STREAM_WINDOW_METADATA_V1
_DK9mCSob5o,2026-09-15,about 09:04–10:25 New York,17:04:34 UTC+4,EXACT_ANCHOR,COARSE_HEADER_WINDOW_ONLY_NOT_CONTROL_AUTHORIZED,notes/streams/_DK9mCSob5o.md header,2df3d588c4b6d82761df2ee0c6f6639e82ce3414,IPV1_STAGE3_STREAM_WINDOW_METADATA_V1
y2Oun9g9abk,2026-09-16,about 13:45–14:35 New York,21:45:00 UTC+4,EXACT_ANCHOR,COARSE_HEADER_WINDOW_ONLY_NOT_CONTROL_AUTHORIZED,notes/streams/y2Oun9g9abk.md header,2df3d588c4b6d82761df2ee0c6f6639e82ce3414,IPV1_STAGE3_STREAM_WINDOW_METADATA_V1
6trb-6A2t6Q,2026-09-17,about 08:43–09:52 New York,16:43:02 UTC+4,EXACT_ANCHOR,COARSE_HEADER_WINDOW_ONLY_NOT_CONTROL_AUTHORIZED,notes/streams/6trb-6A2t6Q.md header,2df3d588c4b6d82761df2ee0c6f6639e82ce3414,IPV1_STAGE3_STREAM_WINDOW_METADATA_V1
fkZjFHTg3GY,2026-09-18,about 09:01–09:40 New York,17:01:28 UTC+4,EXACT_ANCHOR,COARSE_HEADER_WINDOW_ONLY_NOT_CONTROL_AUTHORIZED,notes/streams/fkZjFHTg3GY.md header,2df3d588c4b6d82761df2ee0c6f6639e82ce3414,IPV1_STAGE3_STREAM_WINDOW_METADATA_V1
qTSedn6hEp8,2026-09-21,about 09:04–10:06 New York,17:04:05 UTC+4,EXACT_ANCHOR,COARSE_HEADER_WINDOW_ONLY_NOT_CONTROL_AUTHORIZED,notes/streams/qTSedn6hEp8.md header,2df3d588c4b6d82761df2ee0c6f6639e82ce3414,IPV1_STAGE3_STREAM_WINDOW_METADATA_V1
OpMzvMNNrHM,2026-09-23,about 09:14–10:15 New York,17:14:09 UTC+4 on Badar chart; Zain chart UTC+5,MULTI_CHART_EXACT_BADAR_ANCHOR,COARSE_HEADER_WINDOW_ONLY_NOT_CONTROL_AUTHORIZED,notes/streams/OpMzvMNNrHM.md header,2df3d588c4b6d82761df2ee0c6f6639e82ce3414,IPV1_STAGE3_STREAM_WINDOW_METADATA_V1
U5CphnzaXio,2026-09-24,about 09:07–10:27 New York,17:06:55 UTC+4,EXACT_ANCHOR,COARSE_HEADER_WINDOW_ONLY_NOT_CONTROL_AUTHORIZED,notes/streams/U5CphnzaXio.md header,2df3d588c4b6d82761df2ee0c6f6639e82ce3414,IPV1_STAGE3_STREAM_WINDOW_METADATA_V1
1E65DgTFxe0,2026-09-25,about 09:16–10:15 New York,17:16:08 UTC+4,EXACT_ANCHOR,COARSE_HEADER_WINDOW_ONLY_NOT_CONTROL_AUTHORIZED,notes/streams/1E65DgTFxe0.md header,2df3d588c4b6d82761df2ee0c6f6639e82ce3414,IPV1_STAGE3_STREAM_WINDOW_METADATA_V1
WUblCihXgPU,2026-09-28,about 09:07–10:16 New York,17:06:42 UTC+4,EXACT_ANCHOR,COARSE_HEADER_WINDOW_ONLY_NOT_CONTROL_AUTHORIZED,notes/streams/WUblCihXgPU.md header,2df3d588c4b6d82761df2ee0c6f6639e82ce3414,IPV1_STAGE3_STREAM_WINDOW_METADATA_V1
CPGcMydNbbQ,2026-09-29,about 09:10–10:16 New York,"UTC+4, exact start seconds not preserved in header",TIMEZONE_ONLY,COARSE_HEADER_WINDOW_ONLY_NOT_CONTROL_AUTHORIZED,notes/streams/CPGcMydNbbQ.md header,2df3d588c4b6d82761df2ee0c6f6639e82ce3414,IPV1_STAGE3_STREAM_WINDOW_METADATA_V1
EOBnMz2Y_9k,2026-09-30,about 09:15–10:25 New York,17:14:37 UTC+4 equivalent at stream 0:00; Badar chart later,MULTI_CHART_EQUIVALENT_ANCHOR,COARSE_HEADER_WINDOW_ONLY_NOT_CONTROL_AUTHORIZED,notes/streams/EOBnMz2Y_9k.md header,2df3d588c4b6d82761df2ee0c6f6639e82ce3414,IPV1_STAGE3_STREAM_WINDOW_METADATA_V1
PYPzCJV-YXE,2026-10-01,about 09:09–10:08 New York,18:09:10 UTC+5 inferred exactly from frame 3:00=18:12:10,FRAME_DERIVED_EXACT_ANCHOR,COARSE_HEADER_WINDOW_ONLY_NOT_CONTROL_AUTHORIZED,notes/streams/PYPzCJV-YXE.md header,2df3d588c4b6d82761df2ee0c6f6639e82ce3414,IPV1_STAGE3_STREAM_WINDOW_METADATA_V1
PxDGTxs-Cvc,2026-10-02,about 08:07–09:18 New York,16:07:35 UTC+4,EXACT_ANCHOR,COARSE_HEADER_WINDOW_ONLY_NOT_CONTROL_AUTHORIZED,notes/streams/PxDGTxs-Cvc.md header,2df3d588c4b6d82761df2ee0c6f6639e82ce3414,IPV1_STAGE3_STREAM_WINDOW_METADATA_V1
