event_id,source_date,stream_id,source_row_keys,event_type,direction,provenance_class,evidence_grade,timing_class,interval_start_utc,interval_end_utc,interval_width_minutes,timezone_evidence,broker_execution_status,entry_mode,risk_tier_source,reject_reason,management_action,source_evidence_refs,primary_task_a_eligible,primary_task_b_eligible,exclusion_reason,badar_repo_commit,teacher_table_blob,adjudication_version
S3B-ACT-0001,2026-07-06,CqEhHmcjeyQ,CqEhHmcjeyQ#1,COMMIT_LONG,LONG,P2_LIVE_BADAR_COMMITMENT,E1_DIRECT,EXACT_M1,2026-07-06T14:27:00Z,2026-07-06T14:27:00Z,1,TradingView UTC+5; stream 0:00=19:01:29 UTC+5; transcript 26:10 maps to 19:27:39,NOT_CONFIRMED,MARKET_OR_CLOSE,REDUCED_OR_HALF,,,notes/streams/CqEhHmcjeyQ.md trade #1; transcripts/streams/CqEhHmcjeyQ.txt [26:10]-[27:17]: 'taking a small risk from here',true,true,,cc94077c953efa0d048e61d6ba4fbcdd0e3ca79a,24939bf5ad141d38f2aad08c30ab6a077ab10086,IPV1_STAGE3B_SOURCE_EVENTS_V1_BATCH01
S3B-ACT-0002,2026-07-06,CqEhHmcjeyQ,CqEhHmcjeyQ#2,COMMIT_LONG,LONG,P1_LIVE_REAL_EXECUTION,E2_CORROBORATED,INTERVAL_3_TO_5M,2026-07-06T14:46:00Z,2026-07-06T14:48:00Z,3,TradingView UTC+5; stream 0:00=19:01:29 UTC+5; box first seen 45:20 and live-account management statement at 46:58,LIVE_OR_REAL_CONFIRMED,MARKET_OR_CLOSE,,,,,notes/streams/CqEhHmcjeyQ.md trade #2 + Real Pro stream context; transcripts/streams/CqEhHmcjeyQ.txt [46:58]: 'my live account ... is on the trade'; position box first seen 45:20,true,true,,cc94077c953efa0d048e61d6ba4fbcdd0e3ca79a,24939bf5ad141d38f2aad08c30ab6a077ab10086,IPV1_STAGE3B_SOURCE_EVENTS_V1_BATCH01
S3B-ACT-0003,2026-07-07,9d7IHhIAi6M,9d7IHhIAi6M#1,COMMIT_LONG,LONG,P2_LIVE_BADAR_COMMITMENT,E1_DIRECT,INTERVAL_2M,2026-07-07T14:34:00Z,2026-07-07T14:35:00Z,2,TradingView/Exness UTC+4; stream 0:00=18:03:39 UTC+4; limit/SL commitment spans transcript 31:07-32:08,NOT_CONFIRMED,RESTING_LIMIT,REDUCED_OR_HALF,,,notes/streams/9d7IHhIAi6M.md trade #1; transcripts/streams/9d7IHhIAi6M.txt [31:07]-[32:08]: limit and stop placed for counter-trend scalp,true,true,,cc94077c953efa0d048e61d6ba4fbcdd0e3ca79a,24939bf5ad141d38f2aad08c30ab6a077ab10086,IPV1_STAGE3B_SOURCE_EVENTS_V1_BATCH01
S3B-ACT-0004,2026-07-09,mGJ4dtVjlxE,mGJ4dtVjlxE#1,COMMIT_LONG,LONG,P2_LIVE_BADAR_COMMITMENT,E2_CORROBORATED,INTERVAL_3_TO_5M,2026-07-09T14:22:00Z,2026-07-09T14:24:00Z,3,TradingView UTC+4; stream 0:00=18:12:13 UTC+4; position box first seen 10:40 and 2m close confirmation completes by transcript 11:51,NOT_CONFIRMED,MARKET_OR_CLOSE,,,,,notes/streams/mGJ4dtVjlxE.md trade #1; transcripts/streams/mGJ4dtVjlxE.txt [10:26]-[11:51]; source frames show current position box,true,true,,cc94077c953efa0d048e61d6ba4fbcdd0e3ca79a,24939bf5ad141d38f2aad08c30ab6a077ab10086,IPV1_STAGE3B_SOURCE_EVENTS_V1_BATCH01
S3B-ACT-0005,2026-07-09,mGJ4dtVjlxE,mGJ4dtVjlxE#2,COMMIT_LONG,LONG,P2_LIVE_BADAR_COMMITMENT,E1_DIRECT,INTERVAL_2M,2026-07-09T14:54:00Z,2026-07-09T14:55:00Z,2,TradingView UTC+4; stream 0:00=18:12:13 UTC+4; direct commitment at 42:20-43:23,NOT_CONFIRMED,MARKET_OR_CLOSE,REDUCED_OR_HALF,,,notes/streams/mGJ4dtVjlxE.md trade #2; transcripts/streams/mGJ4dtVjlxE.txt [42:20]-[43:23]: 'another small scalp' / 'we will take the trade ... exact place',true,true,,cc94077c953efa0d048e61d6ba4fbcdd0e3ca79a,24939bf5ad141d38f2aad08c30ab6a077ab10086,IPV1_STAGE3B_SOURCE_EVENTS_V1_BATCH01
S3B-ACT-0006,2026-07-10,E2Vu2bndWRc,E2Vu2bndWRc#3,COMMIT_SHORT,SHORT,P2_LIVE_BADAR_COMMITMENT,E1_DIRECT,EXACT_M1,2026-07-10T14:06:00Z,2026-07-10T14:06:00Z,1,TradingView UTC+4; stream 0:00=17:59:32 UTC+4; direct statement at 6:59 maps to 18:06:31 UTC+4,NOT_CONFIRMED,MARKET_OR_CLOSE,,,,,notes/streams/E2Vu2bndWRc.md trade #3; transcripts/streams/E2Vu2bndWRc.txt [6:59]: 'Let's go from here... I've already put it on',true,true,,cc94077c953efa0d048e61d6ba4fbcdd0e3ca79a,24939bf5ad141d38f2aad08c30ab6a077ab10086,IPV1_STAGE3B_SOURCE_EVENTS_V1_BATCH01
S3B-ACT-0007,2026-07-21,NPUPkMWzKTE,NPUPkMWzKTE#1,COMMIT_SHORT,SHORT,P2_LIVE_BADAR_COMMITMENT,E1_DIRECT,EXACT_M1,2026-07-21T14:11:00Z,2026-07-21T14:11:00Z,1,TradingView UTC+4; stream 0:00=18:03:16 UTC+4; direct action at 8:00 maps to 18:11:16 UTC+4,NOT_CONFIRMED,MARKET_OR_CLOSE,,,,,notes/streams/NPUPkMWzKTE.md trade #1; transcripts/streams/NPUPkMWzKTE.txt [8:00]: 'let's also do a sell here... I've done it',true,true,,cc94077c953efa0d048e61d6ba4fbcdd0e3ca79a,24939bf5ad141d38f2aad08c30ab6a077ab10086,IPV1_STAGE3B_SOURCE_EVENTS_V1_BATCH01
S3B-ACT-0008,2026-07-22,M078bAYBc-E,M078bAYBc-E#2,COMMIT_LONG,LONG,P2_LIVE_BADAR_COMMITMENT,E1_DIRECT,EXACT_M1,2026-07-22T14:59:00Z,2026-07-22T14:59:00Z,1,TradingView UTC+4; stream 0:00=18:03:23 UTC+4; direct trade management starts 55:37=18:59:00 UTC+4,NOT_CONFIRMED,MARKET_OR_CLOSE,,,,,notes/streams/M078bAYBc-E.md trade #2; transcripts/streams/M078bAYBc-E.txt [55:37]-[56:00]: 'idea of the trade' with stop and target set,true,true,,cc94077c953efa0d048e61d6ba4fbcdd0e3ca79a,24939bf5ad141d38f2aad08c30ab6a077ab10086,IPV1_STAGE3B_SOURCE_EVENTS_V1_BATCH01
S3B-ACT-0009,2026-07-23,m0l1wj9IZ2o,m0l1wj9IZ2o#1;m0l1wj9IZ2o#2,COMMIT_SHORT,SHORT,P2_LIVE_BADAR_COMMITMENT,E1_DIRECT,INTERVAL_2M,2026-07-23T13:20:00Z,2026-07-23T13:21:00Z,2,"TradingView UTC+4; stream 0:00=17:11:53 UTC+4; first commitment 8:14=17:20:07, add-on 9:48=17:21:41",NOT_CONFIRMED,SPLIT_OR_SCALED,REDUCED_OR_HALF,,,notes/streams/m0l1wj9IZ2o.md trades #1/#2; transcripts/streams/m0l1wj9IZ2o.txt [7:12]-[9:48]: first half-risk sell then 'another trade with a small risk' in same zone/plan,true,true,"Collapsed under D-099 Section 10: second row is an add-on to the same immediate sell plan, not an independent teacher event.",cc94077c953efa0d048e61d6ba4fbcdd0e3ca79a,24939bf5ad141d38f2aad08c30ab6a077ab10086,IPV1_STAGE3B_SOURCE_EVENTS_V1_BATCH01
S3B-ACT-0010,2026-07-27,wQ5uxbmLlM4,wQ5uxbmLlM4#1,COMMIT_LONG,LONG,P2_LIVE_BADAR_COMMITMENT,E1_DIRECT,EXACT_M1,2026-07-27T13:15:00Z,2026-07-27T13:15:00Z,1,TradingView UTC+4; stream 0:00=17:09:36 UTC+4; direct 'Let's take a trade from here' at 5:28=17:15:04,NOT_CONFIRMED,MARKET_OR_CLOSE,REDUCED_OR_HALF,,,notes/streams/wQ5uxbmLlM4.md trade #1; transcripts/streams/wQ5uxbmLlM4.txt [5:28]-[7:34]: direct buy commitment with reduced risk,true,true,,cc94077c953efa0d048e61d6ba4fbcdd0e3ca79a,24939bf5ad141d38f2aad08c30ab6a077ab10086,IPV1_STAGE3B_SOURCE_EVENTS_V1_BATCH01
S3B-ACT-0011,2026-07-27,wQ5uxbmLlM4,wQ5uxbmLlM4#2,COMMIT_LONG,LONG,P2_LIVE_BADAR_COMMITMENT,E1_DIRECT,INTERVAL_2M,2026-07-27T13:55:00Z,2026-07-27T13:56:00Z,2,TradingView UTC+4; stream 0:00=17:09:36 UTC+4; 'I am buying from here' begins at 45:39 and 'let me take a trade' at 46:55,NOT_CONFIRMED,MARKET_OR_CLOSE,,,,,notes/streams/wQ5uxbmLlM4.md trade #2; transcripts/streams/wQ5uxbmLlM4.txt [45:39]-[48:07],true,true,,cc94077c953efa0d048e61d6ba4fbcdd0e3ca79a,24939bf5ad141d38f2aad08c30ab6a077ab10086,IPV1_STAGE3B_SOURCE_EVENTS_V1_BATCH01
