stream_id,trade_no,source_date,direction_source,instrument_source,live_execution_context_bound,timestamp_resolution_bound,upper_bound_candidate,bound_reason,badar_repo_commit,teacher_table_blob,feasibility_version
CqEhHmcjeyQ,1,2026-07-06,long,XAUUSD,EXPLICIT_EXNESS_REAL_PRO_CONTEXT,POTENTIALLY_RESOLVABLE_FOR_GENEROUS_BOUND,true,Retained in deliberately generous rescue bound because the stream has explicit real/live/terminal execution context or a borderline broker-chart execution context; per-row live proof and exact M1 are not assumed.,2df3d588c4b6d82761df2ee0c6f6639e82ce3414,ea620cb44937f276be2e65ae7da25ae9503be655,IPV1_STAGE3_INTERVAL_FEASIBILITY_BOUND_V1
CqEhHmcjeyQ,2,2026-07-06,long,XAUUSD,EXPLICIT_EXNESS_REAL_PRO_CONTEXT,POTENTIALLY_RESOLVABLE_FOR_GENEROUS_BOUND,true,Retained in deliberately generous rescue bound because the stream has explicit real/live/terminal execution context or a borderline broker-chart execution context; per-row live proof and exact M1 are not assumed.,2df3d588c4b6d82761df2ee0c6f6639e82ce3414,ea620cb44937f276be2e65ae7da25ae9503be655,IPV1_STAGE3_INTERVAL_FEASIBILITY_BOUND_V1
9d7IHhIAi6M,1,2026-07-07,long,XAUUSD,EXPLICIT_EXNESS_REAL_PRO_CONTEXT,POTENTIALLY_RESOLVABLE_FOR_GENEROUS_BOUND,true,Retained in deliberately generous rescue bound because the stream has explicit real/live/terminal execution context or a borderline broker-chart execution context; per-row live proof and exact M1 are not assumed.,2df3d588c4b6d82761df2ee0c6f6639e82ce3414,ea620cb44937f276be2e65ae7da25ae9503be655,IPV1_STAGE3_INTERVAL_FEASIBILITY_BOUND_V1
mGJ4dtVjlxE,1,2026-07-09,long,XAUUSD,EXNESS_CANDLE_COMPARISON_NOT_ACCOUNT_EXECUTION,POTENTIALLY_RESOLVABLE_FOR_GENEROUS_BOUND,false,Source index lacks current per-stream live/real execution context sufficient to make later primary eligibility plausible under the frozen rule.,2df3d588c4b6d82761df2ee0c6f6639e82ce3414,ea620cb44937f276be2e65ae7da25ae9503be655,IPV1_STAGE3_INTERVAL_FEASIBILITY_BOUND_V1
mGJ4dtVjlxE,2,2026-07-09,long,XAUUSD,EXNESS_CANDLE_COMPARISON_NOT_ACCOUNT_EXECUTION,POTENTIALLY_RESOLVABLE_FOR_GENEROUS_BOUND,false,Source index lacks current per-stream live/real execution context sufficient to make later primary eligibility plausible under the frozen rule.,2df3d588c4b6d82761df2ee0c6f6639e82ce3414,ea620cb44937f276be2e65ae7da25ae9503be655,IPV1_STAGE3_INTERVAL_FEASIBILITY_BOUND_V1
E2Vu2bndWRc,1,2026-07-10,long,XAUUSD,EXNESS_ACCOUNT_HISTORY_CONTEXT,POTENTIALLY_RESOLVABLE_FOR_GENEROUS_BOUND,true,Retained in deliberately generous rescue bound because the stream has explicit real/live/terminal execution context or a borderline broker-chart execution context; per-row live proof and exact M1 are not assumed.,2df3d588c4b6d82761df2ee0c6f6639e82ce3414,ea620cb44937f276be2e65ae7da25ae9503be655,IPV1_STAGE3_INTERVAL_FEASIBILITY_BOUND_V1
E2Vu2bndWRc,2,2026-07-10,long,XAUUSD,EXNESS_ACCOUNT_HISTORY_CONTEXT,POTENTIALLY_RESOLVABLE_FOR_GENEROUS_BOUND,true,Retained in deliberately generous rescue bound because the stream has explicit real/live/terminal execution context or a borderline broker-chart execution context; per-row live proof and exact M1 are not assumed.,2df3d588c4b6d82761df2ee0c6f6639e82ce3414,ea620cb44937f276be2e65ae7da25ae9503be655,IPV1_STAGE3_INTERVAL_FEASIBILITY_BOUND_V1
E2Vu2bndWRc,3,2026-07-10,short,XAUUSD,EXNESS_ACCOUNT_HISTORY_CONTEXT,POTENTIALLY_RESOLVABLE_FOR_GENEROUS_BOUND,true,Retained in deliberately generous rescue bound because the stream has explicit real/live/terminal execution context or a borderline broker-chart execution context; per-row live proof and exact M1 are not assumed.,2df3d588c4b6d82761df2ee0c6f6639e82ce3414,ea620cb44937f276be2e65ae7da25ae9503be655,IPV1_STAGE3_INTERVAL_FEASIBILITY_BOUND_V1
E2Vu2bndWRc,4,2026-07-10,long,XAUUSD,EXNESS_ACCOUNT_HISTORY_CONTEXT,POTENTIALLY_RESOLVABLE_FOR_GENEROUS_BOUND,true,Retained in deliberately generous rescue bound because the stream has explicit real/live/terminal execution context or a borderline broker-chart execution context; per-row live proof and exact M1 are not assumed.,2df3d588c4b6d82761df2ee0c6f6639e82ce3414,ea620cb44937f276be2e65ae7da25ae9503be655,IPV1_STAGE3_INTERVAL_FEASIBILITY_BOUND_V1
NPUPkMWzKTE,2,2026-07-21,short,XAUUSD,NO_LIVE_REAL_EXECUTION_CONTEXT_IN_SOURCE_INDEX,POTENTIALLY_RESOLVABLE_FOR_GENEROUS_BOUND,false,Source index lacks current per-stream live/real execution context sufficient to make later primary eligibility plausible under the frozen rule.,2df3d588c4b6d82761df2ee0c6f6639e82ce3414,ea620cb44937f276be2e65ae7da25ae9503be655,IPV1_STAGE3_INTERVAL_FEASIBILITY_BOUND_V1
NPUPkMWzKTE,3,2026-07-21,short,XAUUSD,NO_LIVE_REAL_EXECUTION_CONTEXT_IN_SOURCE_INDEX,POTENTIALLY_RESOLVABLE_FOR_GENEROUS_BOUND,false,Source index lacks current per-stream live/real execution context sufficient to make later primary eligibility plausible under the frozen rule.,2df3d588c4b6d82761df2ee0c6f6639e82ce3414,ea620cb44937f276be2e65ae7da25ae9503be655,IPV1_STAGE3_INTERVAL_FEASIBILITY_BOUND_V1
M078bAYBc-E,1,2026-07-22,long,XAUUSD,NO_LIVE_REAL_EXECUTION_CONTEXT_IN_SOURCE_INDEX,POTENTIALLY_RESOLVABLE_FOR_GENEROUS_BOUND,false,Source index lacks current per-stream live/real execution context sufficient to make later primary eligibility plausible under the frozen rule.,2df3d588c4b6d82761df2ee0c6f6639e82ce3414,ea620cb44937f276be2e65ae7da25ae9503be655,IPV1_STAGE3_INTERVAL_FEASIBILITY_BOUND_V1
m0l1wj9IZ2o,1,2026-07-23,short,XAUUSD,NO_LIVE_REAL_EXECUTION_CONTEXT_IN_SOURCE_INDEX,POTENTIALLY_RESOLVABLE_FOR_GENEROUS_BOUND,false,Source index lacks current per-stream live/real execution context sufficient to make later primary eligibility plausible under the frozen rule.,2df3d588c4b6d82761df2ee0c6f6639e82ce3414,ea620cb44937f276be2e65ae7da25ae9503be655,IPV1_STAGE3_INTERVAL_FEASIBILITY_BOUND_V1
m0l1wj9IZ2o,2,2026-07-23,short,XAUUSD,NO_LIVE_REAL_EXECUTION_CONTEXT_IN_SOURCE_INDEX,POTENTIALLY_RESOLVABLE_FOR_GENEROUS_BOUND,false,Source index lacks current per-stream live/real execution context sufficient to make later primary eligibility plausible under the frozen rule.,2df3d588c4b6d82761df2ee0c6f6639e82ce3414,ea620cb44937f276be2e65ae7da25ae9503be655,IPV1_STAGE3_INTERVAL_FEASIBILITY_BOUND_V1
wQ5uxbmLlM4,1,2026-07-27,long,XAUUSD,NO_LIVE_REAL_EXECUTION_CONTEXT_IN_SOURCE_INDEX,POTENTIALLY_RESOLVABLE_FOR_GENEROUS_BOUND,false,Source index lacks current per-stream live/real execution context sufficient to make later primary eligibility plausible under the frozen rule.,2df3d588c4b6d82761df2ee0c6f6639e82ce3414,ea620cb44937f276be2e65ae7da25ae9503be655,IPV1_STAGE3_INTERVAL_FEASIBILITY_BOUND_V1
wQ5uxbmLlM4,2,2026-07-27,long,XAUUSD,NO_LIVE_REAL_EXECUTION_CONTEXT_IN_SOURCE_INDEX,POTENTIALLY_RESOLVABLE_FOR_GENEROUS_BOUND,false,Source index lacks current per-stream live/real execution context sufficient to make later primary eligibility plausible under the frozen rule.,2df3d588c4b6d82761df2ee0c6f6639e82ce3414,ea620cb44937f276be2e65ae7da25ae9503be655,IPV1_STAGE3_INTERVAL_FEASIBILITY_BOUND_V1
suuicaoUvDQ,2,2026-07-28,long,XAUUSD,CURRENT_STREAM_EXPLICITLY_PAPER_TRADINGVIEW,POTENTIALLY_RESOLVABLE_FOR_GENEROUS_BOUND,false,Source index lacks current per-stream live/real execution context sufficient to make later primary eligibility plausible under the frozen rule.,2df3d588c4b6d82761df2ee0c6f6639e82ce3414,ea620cb44937f276be2e65ae7da25ae9503be655,IPV1_STAGE3_INTERVAL_FEASIBILITY_BOUND_V1
MbUagftbsIw,1,2026-07-29,long,XAUUSD,NO_LIVE_REAL_EXECUTION_CONTEXT_IN_SOURCE_INDEX,POTENTIALLY_RESOLVABLE_FOR_GENEROUS_BOUND,false,Source index lacks current per-stream live/real execution context sufficient to make later primary eligibility plausible under the frozen rule.,2df3d588c4b6d82761df2ee0c6f6639e82ce3414,ea620cb44937f276be2e65ae7da25ae9503be655,IPV1_STAGE3_INTERVAL_FEASIBILITY_BOUND_V1
MbUagftbsIw,3,2026-07-29,long,XAUUSD,NO_LIVE_REAL_EXECUTION_CONTEXT_IN_SOURCE_INDEX,POTENTIALLY_RESOLVABLE_FOR_GENEROUS_BOUND,false,Source index lacks current per-stream live/real execution context sufficient to make later primary eligibility plausible under the frozen rule.,2df3d588c4b6d82761df2ee0c6f6639e82ce3414,ea620cb44937f276be2e65ae7da25ae9503be655,IPV1_STAGE3_INTERVAL_FEASIBILITY_BOUND_V1
h93tKxejXwQ,1,2026-07-31,short,XAUUSD,METATRADER_XNS_BROKER_CONTEXT,POTENTIALLY_RESOLVABLE_FOR_GENEROUS_BOUND,true,Retained in deliberately generous rescue bound because the stream has explicit real/live/terminal execution context or a borderline broker-chart execution context; per-row live proof and exact M1 are not assumed.,2df3d588c4b6d82761df2ee0c6f6639e82ce3414,ea620cb44937f276be2e65ae7da25ae9503be655,IPV1_STAGE3_INTERVAL_FEASIBILITY_BOUND_V1
h93tKxejXwQ,2,2026-07-31,short,XAUUSD,METATRADER_XNS_BROKER_CONTEXT,POTENTIALLY_RESOLVABLE_FOR_GENEROUS_BOUND,true,Retained in deliberately generous rescue bound because the stream has explicit real/live/terminal execution context or a borderline broker-chart execution context; per-row live proof and exact M1 are not assumed.,2df3d588c4b6d82761df2ee0c6f6639e82ce3414,ea620cb44937f276be2e65ae7da25ae9503be655,IPV1_STAGE3_INTERVAL_FEASIBILITY_BOUND_V1
HOidQitTyAc,1,2026-08-03,long,XAUUSD,NO_LIVE_REAL_EXECUTION_CONTEXT_IN_SOURCE_INDEX,POTENTIALLY_RESOLVABLE_FOR_GENEROUS_BOUND,false,Source index lacks current per-stream live/real execution context sufficient to make later primary eligibility plausible under the frozen rule.,2df3d588c4b6d82761df2ee0c6f6639e82ce3414,ea620cb44937f276be2e65ae7da25ae9503be655,IPV1_STAGE3_INTERVAL_FEASIBILITY_BOUND_V1
HOidQitTyAc,2,2026-08-03,long,XAUUSD,NO_LIVE_REAL_EXECUTION_CONTEXT_IN_SOURCE_INDEX,POTENTIALLY_RESOLVABLE_FOR_GENEROUS_BOUND,false,Source index lacks current per-stream live/real execution context sufficient to make later primary eligibility plausible under the frozen rule.,2df3d588c4b6d82761df2ee0c6f6639e82ce3414,ea620cb44937f276be2e65ae7da25ae9503be655,IPV1_STAGE3_INTERVAL_FEASIBILITY_BOUND_V1
HOidQitTyAc,4,2026-08-03,long,XAUUSD,NO_LIVE_REAL_EXECUTION_CONTEXT_IN_SOURCE_INDEX,POTENTIALLY_RESOLVABLE_FOR_GENEROUS_BOUND,false,Source index lacks current per-stream live/real execution context sufficient to make later primary eligibility plausible under the frozen rule.,2df3d588c4b6d82761df2ee0c6f6639e82ce3414,ea620cb44937f276be2e65ae7da25ae9503be655,IPV1_STAGE3_INTERVAL_FEASIBILITY_BOUND_V1
aEw6393GE1c,1,2026-08-03,long,XAUUSD,GENERIC_LIVE_ACCOUNT_PREFERENCE_NOT_CURRENT_EXECUTION,POTENTIALLY_RESOLVABLE_FOR_GENEROUS_BOUND,false,Source index lacks current per-stream live/real execution context sufficient to make later primary eligibility plausible under the frozen rule.,2df3d588c4b6d82761df2ee0c6f6639e82ce3414,ea620cb44937f276be2e65ae7da25ae9503be655,IPV1_STAGE3_INTERVAL_FEASIBILITY_BOUND_V1
aEw6393GE1c,2,2026-08-03,short,XAUUSD,GENERIC_LIVE_ACCOUNT_PREFERENCE_NOT_CURRENT_EXECUTION,POTENTIALLY_RESOLVABLE_FOR_GENEROUS_BOUND,false,Source index lacks current per-stream live/real execution context sufficient to make later primary eligibility plausible under the frozen rule.,2df3d588c4b6d82761df2ee0c6f6639e82ce3414,ea620cb44937f276be2e65ae7da25ae9503be655,IPV1_STAGE3_INTERVAL_FEASIBILITY_BOUND_V1
EVm0u9Csglk,1,2026-08-04,short,XAUUSD,EXNESS_TERMINAL_STATED_CONTEXT,POTENTIALLY_RESOLVABLE_FOR_GENEROUS_BOUND,true,Retained in deliberately generous rescue bound because the stream has explicit real/live/terminal execution context or a borderline broker-chart execution context; per-row live proof and exact M1 are not assumed.,2df3d588c4b6d82761df2ee0c6f6639e82ce3414,ea620cb44937f276be2e65ae7da25ae9503be655,IPV1_STAGE3_INTERVAL_FEASIBILITY_BOUND_V1
EVm0u9Csglk,2,2026-08-04,short,XAUUSD,EXNESS_TERMINAL_STATED_CONTEXT,POTENTIALLY_RESOLVABLE_FOR_GENEROUS_BOUND,true,Retained in deliberately generous rescue bound because the stream has explicit real/live/terminal execution context or a borderline broker-chart execution context; per-row live proof and exact M1 are not assumed.,2df3d588c4b6d82761df2ee0c6f6639e82ce3414,ea620cb44937f276be2e65ae7da25ae9503be655,IPV1_STAGE3_INTERVAL_FEASIBILITY_BOUND_V1
HwXIifB0P6o,1,2026-08-04,short,XAUUSD,FUTURE_LIVE_ACCOUNT_PLAN_NOT_CURRENT_EXECUTION,POTENTIALLY_RESOLVABLE_FOR_GENEROUS_BOUND,false,Source index lacks current per-stream live/real execution context sufficient to make later primary eligibility plausible under the frozen rule.,2df3d588c4b6d82761df2ee0c6f6639e82ce3414,ea620cb44937f276be2e65ae7da25ae9503be655,IPV1_STAGE3_INTERVAL_FEASIBILITY_BOUND_V1
HwXIifB0P6o,2,2026-08-04,short,XAUUSD,FUTURE_LIVE_ACCOUNT_PLAN_NOT_CURRENT_EXECUTION,POTENTIALLY_RESOLVABLE_FOR_GENEROUS_BOUND,false,Source index lacks current per-stream live/real execution context sufficient to make later primary eligibility plausible under the frozen rule.,2df3d588c4b6d82761df2ee0c6f6639e82ce3414,ea620cb44937f276be2e65ae7da25ae9503be655,IPV1_STAGE3_INTERVAL_FEASIBILITY_BOUND_V1
KsWpzeJhAVk,1,2026-08-05,short,XAUUSD,GENERIC_LIVE_ACCOUNT_SIZING_ADVICE_NOT_CURRENT_EXECUTION,POTENTIALLY_RESOLVABLE_FOR_GENEROUS_BOUND,false,Source index lacks current per-stream live/real execution context sufficient to make later primary eligibility plausible under the frozen rule.,2df3d588c4b6d82761df2ee0c6f6639e82ce3414,ea620cb44937f276be2e65ae7da25ae9503be655,IPV1_STAGE3_INTERVAL_FEASIBILITY_BOUND_V1
OCBsHuFhjUQ,2,2026-08-05,short,XAUUSD,NO_LIVE_REAL_EXECUTION_CONTEXT_IN_SOURCE_INDEX,POTENTIALLY_RESOLVABLE_FOR_GENEROUS_BOUND,false,Source index lacks current per-stream live/real execution context sufficient to make later primary eligibility plausible under the frozen rule.,2df3d588c4b6d82761df2ee0c6f6639e82ce3414,ea620cb44937f276be2e65ae7da25ae9503be655,IPV1_STAGE3_INTERVAL_FEASIBILITY_BOUND_V1
gfP4EW1IfVE,1,2026-08-06,short,XAUUSD,BROAD_BROKER_CHART_CONTEXT,POTENTIALLY_RESOLVABLE_FOR_GENEROUS_BOUND,true,Retained in deliberately generous rescue bound because the stream has explicit real/live/terminal execution context or a borderline broker-chart execution context; per-row live proof and exact M1 are not assumed.,2df3d588c4b6d82761df2ee0c6f6639e82ce3414,ea620cb44937f276be2e65ae7da25ae9503be655,IPV1_STAGE3_INTERVAL_FEASIBILITY_BOUND_V1
ldrw26fGZOE,1,2026-08-06,short,XAUUSD,NO_LIVE_REAL_EXECUTION_CONTEXT_IN_SOURCE_INDEX,POTENTIALLY_RESOLVABLE_FOR_GENEROUS_BOUND,false,Source index lacks current per-stream live/real execution context sufficient to make later primary eligibility plausible under the frozen rule.,2df3d588c4b6d82761df2ee0c6f6639e82ce3414,ea620cb44937f276be2e65ae7da25ae9503be655,IPV1_STAGE3_INTERVAL_FEASIBILITY_BOUND_V1
ldrw26fGZOE,2,2026-08-06,short,XAUUSD,NO_LIVE_REAL_EXECUTION_CONTEXT_IN_SOURCE_INDEX,POTENTIALLY_RESOLVABLE_FOR_GENEROUS_BOUND,false,Source index lacks current per-stream live/real execution context sufficient to make later primary eligibility plausible under the frozen rule.,2df3d588c4b6d82761df2ee0c6f6639e82ce3414,ea620cb44937f276be2e65ae7da25ae9503be655,IPV1_STAGE3_INTERVAL_FEASIBILITY_BOUND_V1
ldrw26fGZOE,3,2026-08-06,long,XAUUSD,NO_LIVE_REAL_EXECUTION_CONTEXT_IN_SOURCE_INDEX,POTENTIALLY_RESOLVABLE_FOR_GENEROUS_BOUND,false,Source index lacks current per-stream live/real execution context sufficient to make later primary eligibility plausible under the frozen rule.,2df3d588c4b6d82761df2ee0c6f6639e82ce3414,ea620cb44937f276be2e65ae7da25ae9503be655,IPV1_STAGE3_INTERVAL_FEASIBILITY_BOUND_V1
ldrw26fGZOE,4,2026-08-06,long,XAUUSD,NO_LIVE_REAL_EXECUTION_CONTEXT_IN_SOURCE_INDEX,POTENTIALLY_RESOLVABLE_FOR_GENEROUS_BOUND,false,Source index lacks current per-stream live/real execution context sufficient to make later primary eligibility plausible under the frozen rule.,2df3d588c4b6d82761df2ee0c6f6639e82ce3414,ea620cb44937f276be2e65ae7da25ae9503be655,IPV1_STAGE3_INTERVAL_FEASIBILITY_BOUND_V1
NIDMLJuBPwk,2,2026-08-07,long,XAUUSD,EXNESS_TERMINAL_SECOND_ACCOUNT_CONTEXT,POTENTIALLY_RESOLVABLE_FOR_GENEROUS_BOUND,true,Retained in deliberately generous rescue bound because the stream has explicit real/live/terminal execution context or a borderline broker-chart execution context; per-row live proof and exact M1 are not assumed.,2df3d588c4b6d82761df2ee0c6f6639e82ce3414,ea620cb44937f276be2e65ae7da25ae9503be655,IPV1_STAGE3_INTERVAL_FEASIBILITY_BOUND_V1
W2oZdVu2rxE,1,2026-08-13,long,XAUUSD,NO_LIVE_REAL_EXECUTION_CONTEXT_IN_SOURCE_INDEX,POTENTIALLY_RESOLVABLE_FOR_GENEROUS_BOUND,false,Source index lacks current per-stream live/real execution context sufficient to make later primary eligibility plausible under the frozen rule.,2df3d588c4b6d82761df2ee0c6f6639e82ce3414,ea620cb44937f276be2e65ae7da25ae9503be655,IPV1_STAGE3_INTERVAL_FEASIBILITY_BOUND_V1
IQ4J5GJJK5Q,1,2026-08-17,short,XAUUSD,NO_LIVE_REAL_EXECUTION_CONTEXT_IN_SOURCE_INDEX,POTENTIALLY_RESOLVABLE_FOR_GENEROUS_BOUND,false,Source index lacks current per-stream live/real execution context sufficient to make later primary eligibility plausible under the frozen rule.,2df3d588c4b6d82761df2ee0c6f6639e82ce3414,ea620cb44937f276be2e65ae7da25ae9503be655,IPV1_STAGE3_INTERVAL_FEASIBILITY_BOUND_V1
IQ4J5GJJK5Q,2,2026-08-17,short,XAUUSD,NO_LIVE_REAL_EXECUTION_CONTEXT_IN_SOURCE_INDEX,POTENTIALLY_RESOLVABLE_FOR_GENEROUS_BOUND,false,Source index lacks current per-stream live/real execution context sufficient to make later primary eligibility plausible under the frozen rule.,2df3d588c4b6d82761df2ee0c6f6639e82ce3414,ea620cb44937f276be2e65ae7da25ae9503be655,IPV1_STAGE3_INTERVAL_FEASIBILITY_BOUND_V1
JJOGnPBF67I,1,2026-08-17,short,XAUUSD,NO_LIVE_REAL_EXECUTION_CONTEXT_IN_SOURCE_INDEX,POTENTIALLY_RESOLVABLE_FOR_GENEROUS_BOUND,false,Source index lacks current per-stream live/real execution context sufficient to make later primary eligibility plausible under the frozen rule.,2df3d588c4b6d82761df2ee0c6f6639e82ce3414,ea620cb44937f276be2e65ae7da25ae9503be655,IPV1_STAGE3_INTERVAL_FEASIBILITY_BOUND_V1
JJOGnPBF67I,2,2026-08-17,long,XAUUSD,NO_LIVE_REAL_EXECUTION_CONTEXT_IN_SOURCE_INDEX,POTENTIALLY_RESOLVABLE_FOR_GENEROUS_BOUND,false,Source index lacks current per-stream live/real execution context sufficient to make later primary eligibility plausible under the frozen rule.,2df3d588c4b6d82761df2ee0c6f6639e82ce3414,ea620cb44937f276be2e65ae7da25ae9503be655,IPV1_STAGE3_INTERVAL_FEASIBILITY_BOUND_V1
u7KGSeF2lA0,1,2026-08-28,long,XAUUSD,EXNESS_REAL_TERMINAL_CONTEXT,POTENTIALLY_RESOLVABLE_FOR_GENEROUS_BOUND,true,Retained in deliberately generous rescue bound because the stream has explicit real/live/terminal execution context or a borderline broker-chart execution context; per-row live proof and exact M1 are not assumed.,2df3d588c4b6d82761df2ee0c6f6639e82ce3414,ea620cb44937f276be2e65ae7da25ae9503be655,IPV1_STAGE3_INTERVAL_FEASIBILITY_BOUND_V1
u7KGSeF2lA0,2,2026-08-28,long,XAUUSD,EXNESS_REAL_TERMINAL_CONTEXT,POTENTIALLY_RESOLVABLE_FOR_GENEROUS_BOUND,true,Retained in deliberately generous rescue bound because the stream has explicit real/live/terminal execution context or a borderline broker-chart execution context; per-row live proof and exact M1 are not assumed.,2df3d588c4b6d82761df2ee0c6f6639e82ce3414,ea620cb44937f276be2e65ae7da25ae9503be655,IPV1_STAGE3_INTERVAL_FEASIBILITY_BOUND_V1
u7KGSeF2lA0,3,2026-08-28,short,XAUUSD,EXNESS_REAL_TERMINAL_CONTEXT,POTENTIALLY_RESOLVABLE_FOR_GENEROUS_BOUND,true,Retained in deliberately generous rescue bound because the stream has explicit real/live/terminal execution context or a borderline broker-chart execution context; per-row live proof and exact M1 are not assumed.,2df3d588c4b6d82761df2ee0c6f6639e82ce3414,ea620cb44937f276be2e65ae7da25ae9503be655,IPV1_STAGE3_INTERVAL_FEASIBILITY_BOUND_V1
q6wgyFyzIs0,1,2026-08-31,short,XAUUSD (Exness real),EXNESS_REAL_TERMINAL_CONTEXT,POTENTIALLY_RESOLVABLE_FOR_GENEROUS_BOUND,true,Retained in deliberately generous rescue bound because the stream has explicit real/live/terminal execution context or a borderline broker-chart execution context; per-row live proof and exact M1 are not assumed.,2df3d588c4b6d82761df2ee0c6f6639e82ce3414,ea620cb44937f276be2e65ae7da25ae9503be655,IPV1_STAGE3_INTERVAL_FEASIBILITY_BOUND_V1
q6wgyFyzIs0,2,2026-08-31,short,XAUUSD (Exness real),EXNESS_REAL_TERMINAL_CONTEXT,POTENTIALLY_RESOLVABLE_FOR_GENEROUS_BOUND,true,Retained in deliberately generous rescue bound because the stream has explicit real/live/terminal execution context or a borderline broker-chart execution context; per-row live proof and exact M1 are not assumed.,2df3d588c4b6d82761df2ee0c6f6639e82ce3414,ea620cb44937f276be2e65ae7da25ae9503be655,IPV1_STAGE3_INTERVAL_FEASIBILITY_BOUND_V1
q6wgyFyzIs0,3,2026-08-31,short,XAUUSD (Exness real),EXNESS_REAL_TERMINAL_CONTEXT,POTENTIALLY_RESOLVABLE_FOR_GENEROUS_BOUND,true,Retained in deliberately generous rescue bound because the stream has explicit real/live/terminal execution context or a borderline broker-chart execution context; per-row live proof and exact M1 are not assumed.,2df3d588c4b6d82761df2ee0c6f6639e82ce3414,ea620cb44937f276be2e65ae7da25ae9503be655,IPV1_STAGE3_INTERVAL_FEASIBILITY_BOUND_V1
CKTqdFza1HE,1,2026-09-02,short,BTCUSD (Exness),NON_XAUUSD,POTENTIALLY_RESOLVABLE_FOR_GENEROUS_BOUND,false,Fails frozen XAUUSD-only teacher criterion.,2df3d588c4b6d82761df2ee0c6f6639e82ce3414,ea620cb44937f276be2e65ae7da25ae9503be655,IPV1_STAGE3_INTERVAL_FEASIBILITY_BOUND_V1
CKTqdFza1HE,2,2026-09-02,long,XAUUSD,EXNESS_REAL_TERMINAL_CONTEXT,POTENTIALLY_RESOLVABLE_FOR_GENEROUS_BOUND,true,Retained in deliberately generous rescue bound because the stream has explicit real/live/terminal execution context or a borderline broker-chart execution context; per-row live proof and exact M1 are not assumed.,2df3d588c4b6d82761df2ee0c6f6639e82ce3414,ea620cb44937f276be2e65ae7da25ae9503be655,IPV1_STAGE3_INTERVAL_FEASIBILITY_BOUND_V1
CKTqdFza1HE,3,2026-09-02,long,XAUUSD,EXNESS_REAL_TERMINAL_CONTEXT,POTENTIALLY_RESOLVABLE_FOR_GENEROUS_BOUND,true,Retained in deliberately generous rescue bound because the stream has explicit real/live/terminal execution context or a borderline broker-chart execution context; per-row live proof and exact M1 are not assumed.,2df3d588c4b6d82761df2ee0c6f6639e82ce3414,ea620cb44937f276be2e65ae7da25ae9503be655,IPV1_STAGE3_INTERVAL_FEASIBILITY_BOUND_V1
CKTqdFza1HE,4,2026-09-02,long,XAUUSD,EXNESS_REAL_TERMINAL_CONTEXT,POTENTIALLY_RESOLVABLE_FOR_GENEROUS_BOUND,true,Retained in deliberately generous rescue bound because the stream has explicit real/live/terminal execution context or a borderline broker-chart execution context; per-row live proof and exact M1 are not assumed.,2df3d588c4b6d82761df2ee0c6f6639e82ce3414,ea620cb44937f276be2e65ae7da25ae9503be655,IPV1_STAGE3_INTERVAL_FEASIBILITY_BOUND_V1
B83jlxwuo10,2,2026-09-04,short,XAUUSD,EXNESS_REAL_TERMINAL_CONTEXT,POTENTIALLY_RESOLVABLE_FOR_GENEROUS_BOUND,true,Retained in deliberately generous rescue bound because the stream has explicit real/live/terminal execution context or a borderline broker-chart execution context; per-row live proof and exact M1 are not assumed.,2df3d588c4b6d82761df2ee0c6f6639e82ce3414,ea620cb44937f276be2e65ae7da25ae9503be655,IPV1_STAGE3_INTERVAL_FEASIBILITY_BOUND_V1
B83jlxwuo10,3,2026-09-04,short,XAUUSD,EXNESS_REAL_TERMINAL_CONTEXT,POTENTIALLY_RESOLVABLE_FOR_GENEROUS_BOUND,true,Retained in deliberately generous rescue bound because the stream has explicit real/live/terminal execution context or a borderline broker-chart execution context; per-row live proof and exact M1 are not assumed.,2df3d588c4b6d82761df2ee0c6f6639e82ce3414,ea620cb44937f276be2e65ae7da25ae9503be655,IPV1_STAGE3_INTERVAL_FEASIBILITY_BOUND_V1
B83jlxwuo10,4,2026-09-04,short,XAUUSD,EXNESS_REAL_TERMINAL_CONTEXT,POTENTIALLY_RESOLVABLE_FOR_GENEROUS_BOUND,true,Retained in deliberately generous rescue bound because the stream has explicit real/live/terminal execution context or a borderline broker-chart execution context; per-row live proof and exact M1 are not assumed.,2df3d588c4b6d82761df2ee0c6f6639e82ce3414,ea620cb44937f276be2e65ae7da25ae9503be655,IPV1_STAGE3_INTERVAL_FEASIBILITY_BOUND_V1
C18mm9p2oW4,2,2026-09-14,short,XAUUSD,BROAD_BROKER_CHART_CONTEXT,POTENTIALLY_RESOLVABLE_FOR_GENEROUS_BOUND,true,Retained in deliberately generous rescue bound because the stream has explicit real/live/terminal execution context or a borderline broker-chart execution context; per-row live proof and exact M1 are not assumed.,2df3d588c4b6d82761df2ee0c6f6639e82ce3414,ea620cb44937f276be2e65ae7da25ae9503be655,IPV1_STAGE3_INTERVAL_FEASIBILITY_BOUND_V1
C18mm9p2oW4,4,2026-09-14,short,XAUUSD (OANDA),BROAD_BROKER_CHART_CONTEXT,POTENTIALLY_RESOLVABLE_FOR_GENEROUS_BOUND,true,Retained in deliberately generous rescue bound because the stream has explicit real/live/terminal execution context or a borderline broker-chart execution context; per-row live proof and exact M1 are not assumed.,2df3d588c4b6d82761df2ee0c6f6639e82ce3414,ea620cb44937f276be2e65ae7da25ae9503be655,IPV1_STAGE3_INTERVAL_FEASIBILITY_BOUND_V1
_DK9mCSob5o,1,2026-09-15,long,XAUUSD,NO_LIVE_REAL_EXECUTION_CONTEXT_IN_SOURCE_INDEX,POTENTIALLY_RESOLVABLE_FOR_GENEROUS_BOUND,false,Source index lacks current per-stream live/real execution context sufficient to make later primary eligibility plausible under the frozen rule.,2df3d588c4b6d82761df2ee0c6f6639e82ce3414,ea620cb44937f276be2e65ae7da25ae9503be655,IPV1_STAGE3_INTERVAL_FEASIBILITY_BOUND_V1
_DK9mCSob5o,2,2026-09-15,long,XAUUSD,NO_LIVE_REAL_EXECUTION_CONTEXT_IN_SOURCE_INDEX,POTENTIALLY_RESOLVABLE_FOR_GENEROUS_BOUND,false,Source index lacks current per-stream live/real execution context sufficient to make later primary eligibility plausible under the frozen rule.,2df3d588c4b6d82761df2ee0c6f6639e82ce3414,ea620cb44937f276be2e65ae7da25ae9503be655,IPV1_STAGE3_INTERVAL_FEASIBILITY_BOUND_V1
_DK9mCSob5o,3,2026-09-15,short,XAUUSD,NO_LIVE_REAL_EXECUTION_CONTEXT_IN_SOURCE_INDEX,POTENTIALLY_RESOLVABLE_FOR_GENEROUS_BOUND,false,Source index lacks current per-stream live/real execution context sufficient to make later primary eligibility plausible under the frozen rule.,2df3d588c4b6d82761df2ee0c6f6639e82ce3414,ea620cb44937f276be2e65ae7da25ae9503be655,IPV1_STAGE3_INTERVAL_FEASIBILITY_BOUND_V1
_DK9mCSob5o,4,2026-09-15,short,XAUUSD,NO_LIVE_REAL_EXECUTION_CONTEXT_IN_SOURCE_INDEX,POTENTIALLY_RESOLVABLE_FOR_GENEROUS_BOUND,false,Source index lacks current per-stream live/real execution context sufficient to make later primary eligibility plausible under the frozen rule.,2df3d588c4b6d82761df2ee0c6f6639e82ce3414,ea620cb44937f276be2e65ae7da25ae9503be655,IPV1_STAGE3_INTERVAL_FEASIBILITY_BOUND_V1
y2Oun9g9abk,1,2026-09-16,long,XAUUSD,EXNESS_WEB_TERMINAL_CONTEXT,POTENTIALLY_RESOLVABLE_FOR_GENEROUS_BOUND,true,Retained in deliberately generous rescue bound because the stream has explicit real/live/terminal execution context or a borderline broker-chart execution context; per-row live proof and exact M1 are not assumed.,2df3d588c4b6d82761df2ee0c6f6639e82ce3414,ea620cb44937f276be2e65ae7da25ae9503be655,IPV1_STAGE3_INTERVAL_FEASIBILITY_BOUND_V1
y2Oun9g9abk,2,2026-09-16,short,XAUUSD,EXNESS_WEB_TERMINAL_CONTEXT,POTENTIALLY_RESOLVABLE_FOR_GENEROUS_BOUND,true,Retained in deliberately generous rescue bound because the stream has explicit real/live/terminal execution context or a borderline broker-chart execution context; per-row live proof and exact M1 are not assumed.,2df3d588c4b6d82761df2ee0c6f6639e82ce3414,ea620cb44937f276be2e65ae7da25ae9503be655,IPV1_STAGE3_INTERVAL_FEASIBILITY_BOUND_V1
y2Oun9g9abk,3,2026-09-16,short,XAUUSD,EXNESS_WEB_TERMINAL_CONTEXT,POTENTIALLY_RESOLVABLE_FOR_GENEROUS_BOUND,true,Retained in deliberately generous rescue bound because the stream has explicit real/live/terminal execution context or a borderline broker-chart execution context; per-row live proof and exact M1 are not assumed.,2df3d588c4b6d82761df2ee0c6f6639e82ce3414,ea620cb44937f276be2e65ae7da25ae9503be655,IPV1_STAGE3_INTERVAL_FEASIBILITY_BOUND_V1
6trb-6A2t6Q,1,2026-09-17,long,XAUUSD (Exness 0.22 lot),EXNESS_REAL_TERMINAL_CONTEXT,POTENTIALLY_RESOLVABLE_FOR_GENEROUS_BOUND,true,Retained in deliberately generous rescue bound because the stream has explicit real/live/terminal execution context or a borderline broker-chart execution context; per-row live proof and exact M1 are not assumed.,2df3d588c4b6d82761df2ee0c6f6639e82ce3414,ea620cb44937f276be2e65ae7da25ae9503be655,IPV1_STAGE3_INTERVAL_FEASIBILITY_BOUND_V1
6trb-6A2t6Q,2,2026-09-17,long,XAUUSD (Exness 0.22 lot),EXNESS_REAL_TERMINAL_CONTEXT,POTENTIALLY_RESOLVABLE_FOR_GENEROUS_BOUND,true,Retained in deliberately generous rescue bound because the stream has explicit real/live/terminal execution context or a borderline broker-chart execution context; per-row live proof and exact M1 are not assumed.,2df3d588c4b6d82761df2ee0c6f6639e82ce3414,ea620cb44937f276be2e65ae7da25ae9503be655,IPV1_STAGE3_INTERVAL_FEASIBILITY_BOUND_V1
6trb-6A2t6Q,3,2026-09-17,long,XAUUSD (OANDA chart),EXNESS_REAL_TERMINAL_CONTEXT,POTENTIALLY_RESOLVABLE_FOR_GENEROUS_BOUND,true,Retained in deliberately generous rescue bound because the stream has explicit real/live/terminal execution context or a borderline broker-chart execution context; per-row live proof and exact M1 are not assumed.,2df3d588c4b6d82761df2ee0c6f6639e82ce3414,ea620cb44937f276be2e65ae7da25ae9503be655,IPV1_STAGE3_INTERVAL_FEASIBILITY_BOUND_V1
fkZjFHTg3GY,1,2026-09-18,long,XAUUSD,GENERIC_LIVE_ACCOUNT_PREFERENCE_NOT_CURRENT_EXECUTION,POTENTIALLY_RESOLVABLE_FOR_GENEROUS_BOUND,false,Source index lacks current per-stream live/real execution context sufficient to make later primary eligibility plausible under the frozen rule.,2df3d588c4b6d82761df2ee0c6f6639e82ce3414,ea620cb44937f276be2e65ae7da25ae9503be655,IPV1_STAGE3_INTERVAL_FEASIBILITY_BOUND_V1
qTSedn6hEp8,1,2026-09-21,short,XAUUSD,EXNESS_REAL_ACCOUNT_CONTEXT,POTENTIALLY_RESOLVABLE_FOR_GENEROUS_BOUND,true,Retained in deliberately generous rescue bound because the stream has explicit real/live/terminal execution context or a borderline broker-chart execution context; per-row live proof and exact M1 are not assumed.,2df3d588c4b6d82761df2ee0c6f6639e82ce3414,ea620cb44937f276be2e65ae7da25ae9503be655,IPV1_STAGE3_INTERVAL_FEASIBILITY_BOUND_V1
qTSedn6hEp8,3,2026-09-21,short,XAUUSD,EXNESS_REAL_ACCOUNT_CONTEXT,POTENTIALLY_RESOLVABLE_FOR_GENEROUS_BOUND,true,Retained in deliberately generous rescue bound because the stream has explicit real/live/terminal execution context or a borderline broker-chart execution context; per-row live proof and exact M1 are not assumed.,2df3d588c4b6d82761df2ee0c6f6639e82ce3414,ea620cb44937f276be2e65ae7da25ae9503be655,IPV1_STAGE3_INTERVAL_FEASIBILITY_BOUND_V1
OpMzvMNNrHM,1,2026-09-23,short,XAUUSD (OANDA; Zain's chart),ZAIN_OTHER_PERSON_CHART_CONTEXT,POTENTIALLY_RESOLVABLE_FOR_GENEROUS_BOUND,false,Source index lacks current per-stream live/real execution context sufficient to make later primary eligibility plausible under the frozen rule.,2df3d588c4b6d82761df2ee0c6f6639e82ce3414,ea620cb44937f276be2e65ae7da25ae9503be655,IPV1_STAGE3_INTERVAL_FEASIBILITY_BOUND_V1
U5CphnzaXio,2,2026-09-24,short,XAUUSD,BROAD_BROKER_CHART_CONTEXT,POTENTIALLY_RESOLVABLE_FOR_GENEROUS_BOUND,true,Retained in deliberately generous rescue bound because the stream has explicit real/live/terminal execution context or a borderline broker-chart execution context; per-row live proof and exact M1 are not assumed.,2df3d588c4b6d82761df2ee0c6f6639e82ce3414,ea620cb44937f276be2e65ae7da25ae9503be655,IPV1_STAGE3_INTERVAL_FEASIBILITY_BOUND_V1
1E65DgTFxe0,1,2026-09-25,short,XAUUSD (TVC GOLD),BROAD_BROKER_CHART_CONTEXT,NO_UNIQUE_M1_SOURCE_PATH,false,Pre-stream trade is only approximately timed (~16:45 / about an hour earlier / 'almost 5.30'); no source frame at entry pins one unique M1 minute.,2df3d588c4b6d82761df2ee0c6f6639e82ce3414,ea620cb44937f276be2e65ae7da25ae9503be655,IPV1_STAGE3_INTERVAL_FEASIBILITY_BOUND_V1
EOBnMz2Y_9k,1,2026-09-30,short,XAUUSD,NO_LIVE_REAL_EXECUTION_CONTEXT_IN_SOURCE_INDEX,POTENTIALLY_RESOLVABLE_FOR_GENEROUS_BOUND,false,Source index lacks current per-stream live/real execution context sufficient to make later primary eligibility plausible under the frozen rule.,2df3d588c4b6d82761df2ee0c6f6639e82ce3414,ea620cb44937f276be2e65ae7da25ae9503be655,IPV1_STAGE3_INTERVAL_FEASIBILITY_BOUND_V1
EOBnMz2Y_9k,2,2026-09-30,short,XAUUSD,NO_LIVE_REAL_EXECUTION_CONTEXT_IN_SOURCE_INDEX,POTENTIALLY_RESOLVABLE_FOR_GENEROUS_BOUND,false,Source index lacks current per-stream live/real execution context sufficient to make later primary eligibility plausible under the frozen rule.,2df3d588c4b6d82761df2ee0c6f6639e82ce3414,ea620cb44937f276be2e65ae7da25ae9503be655,IPV1_STAGE3_INTERVAL_FEASIBILITY_BOUND_V1
EOBnMz2Y_9k,3,2026-09-30,short,XAUUSD,NO_LIVE_REAL_EXECUTION_CONTEXT_IN_SOURCE_INDEX,POTENTIALLY_RESOLVABLE_FOR_GENEROUS_BOUND,false,Source index lacks current per-stream live/real execution context sufficient to make later primary eligibility plausible under the frozen rule.,2df3d588c4b6d82761df2ee0c6f6639e82ce3414,ea620cb44937f276be2e65ae7da25ae9503be655,IPV1_STAGE3_INTERVAL_FEASIBILITY_BOUND_V1
PxDGTxs-Cvc,3,2026-10-02,long,XAUUSD,EXNESS_REAL_ACCOUNT_CONTEXT,POTENTIALLY_RESOLVABLE_FOR_GENEROUS_BOUND,true,Retained in deliberately generous rescue bound because the stream has explicit real/live/terminal execution context or a borderline broker-chart execution context; per-row live proof and exact M1 are not assumed.,2df3d588c4b6d82761df2ee0c6f6639e82ce3414,ea620cb44937f276be2e65ae7da25ae9503be655,IPV1_STAGE3_INTERVAL_FEASIBILITY_BOUND_V1
PxDGTxs-Cvc,5,2026-10-02,short,XAUUSD (Exness real),EXNESS_REAL_ACCOUNT_CONTEXT,POTENTIALLY_RESOLVABLE_FOR_GENEROUS_BOUND,true,Retained in deliberately generous rescue bound because the stream has explicit real/live/terminal execution context or a borderline broker-chart execution context; per-row live proof and exact M1 are not assumed.,2df3d588c4b6d82761df2ee0c6f6639e82ce3414,ea620cb44937f276be2e65ae7da25ae9503be655,IPV1_STAGE3_INTERVAL_FEASIBILITY_BOUND_V1
