stream_id,trade_no,source_date,instrument_source,direction_source,authorship_status,execution_status,timestamp_status,entry_minute_utc,primary_teacher_eligible,exclusion_reason,source_evidence_refs,badar_repo_commit,teacher_table_blob,adjudication_version
HOidQitTyAc,3,2026-08-03,XAUUSD,long,BADAR_CONFIRMED,FILL_UNCLEAR,EXACT_M1,2026-08-03T14:01:00Z,false,"Badar explicitly says to take/buy the trade and manages it to break-even, but the source layer does not tie this specific fill to a broker/live-real account.",notes/streams/HOidQitTyAc.md trade #3; transcripts/streams/HOidQitTyAc.txt [61:20]-[64:01],2df3d588c4b6d82761df2ee0c6f6639e82ce3414,ea620cb44937f276be2e65ae7da25ae9503be655,IPV1_STAGE3_PRIMARY_ADJUDICATION_BATCH02
KsWpzeJhAVk,2,2026-08-05,XAUUSD,short,BADAR_CONFIRMED,FILL_UNCLEAR,EXACT_M1,2026-08-05T07:48:00Z,false,"Badar says 'Let's take a sell again' and manages the exit, but the source evidence is TradingView-based and does not confirm a live/real broker fill.",notes/streams/KsWpzeJhAVk.md trade #2; transcripts/streams/KsWpzeJhAVk.txt [51:52]-[56:01],2df3d588c4b6d82761df2ee0c6f6639e82ce3414,ea620cb44937f276be2e65ae7da25ae9503be655,IPV1_STAGE3_PRIMARY_ADJUDICATION_BATCH02
OCBsHuFhjUQ,1,2026-08-05,XAUUSD,short,BADAR_CONFIRMED,FILL_UNCLEAR,EXACT_M1,2026-08-05T13:07:00Z,false,"Badar says 'we are executing a sell', but the source does not establish that this specific position was executed on a live/real broker account.",notes/streams/OCBsHuFhjUQ.md trade #1; transcripts/streams/OCBsHuFhjUQ.txt [0:54]-[2:58],2df3d588c4b6d82761df2ee0c6f6639e82ce3414,ea620cb44937f276be2e65ae7da25ae9503be655,IPV1_STAGE3_PRIMARY_ADJUDICATION_BATCH02
OCBsHuFhjUQ,3,2026-08-05,XAUUSD,long,BADAR_CONFIRMED,FILL_UNCLEAR,EXACT_M1,2026-08-05T13:31:00Z,false,"Badar explicitly says to buy with half risk and manages it, but no source-layer broker/live-real fill is shown or stated.",notes/streams/OCBsHuFhjUQ.md trade #3; transcripts/streams/OCBsHuFhjUQ.txt [26:20]-[28:31],2df3d588c4b6d82761df2ee0c6f6639e82ce3414,ea620cb44937f276be2e65ae7da25ae9503be655,IPV1_STAGE3_PRIMARY_ADJUDICATION_BATCH02
OCBsHuFhjUQ,4,2026-08-05,XAUUSD,short,BADAR_CONFIRMED,FILL_UNCLEAR,EXACT_M1,2026-08-05T13:50:00Z,false,"Badar calls this a strategy test and says 'we just took a trade', but the source does not establish whether the test was a live broker fill versus TradingView/simulation.",notes/streams/OCBsHuFhjUQ.md trade #4; transcripts/streams/OCBsHuFhjUQ.txt [44:32]-[46:36],2df3d588c4b6d82761df2ee0c6f6639e82ce3414,ea620cb44937f276be2e65ae7da25ae9503be655,IPV1_STAGE3_PRIMARY_ADJUDICATION_BATCH02
OCBsHuFhjUQ,5,2026-08-05,XAUUSD,short,BADAR_CONFIRMED,FILL_UNCLEAR,EXACT_M1,2026-08-05T14:00:00Z,false,"Badar says to take the post-ISM sell at half risk and tracks initial movement, but no personal broker/live-real fill is confirmed.",notes/streams/OCBsHuFhjUQ.md trade #5; transcripts/streams/OCBsHuFhjUQ.txt [55:15]-[57:00],2df3d588c4b6d82761df2ee0c6f6639e82ce3414,ea620cb44937f276be2e65ae7da25ae9503be655,IPV1_STAGE3_PRIMARY_ADJUDICATION_BATCH02
gfP4EW1IfVE,2,2026-08-06,XAUUSD,short,BADAR_CONFIRMED,FILL_UNCLEAR,EXACT_M1,2026-08-06T07:31:00Z,false,"Badar says 'I am selling from here' and later says he took the full TP, but the source layer does not confirm the trade on a live/real broker account.",notes/streams/gfP4EW1IfVE.md trade #2; transcripts/streams/gfP4EW1IfVE.txt [29:53]-[36:48],2df3d588c4b6d82761df2ee0c6f6639e82ce3414,ea620cb44937f276be2e65ae7da25ae9503be655,IPV1_STAGE3_PRIMARY_ADJUDICATION_BATCH02
NIDMLJuBPwk,1,2026-08-07,XAUUSD,long,BADAR_CONFIRMED,LIVE_OR_REAL_CONFIRMED,EXACT_M1,2026-08-07T12:34:00Z,true,,"notes/streams/NIDMLJuBPwk.md header and trade #1; transcripts/streams/NIDMLJuBPwk.txt [29:07]-[36:25]: Exness terminal, second account, mobile close, realised loss on one account",2df3d588c4b6d82761df2ee0c6f6639e82ce3414,ea620cb44937f276be2e65ae7da25ae9503be655,IPV1_STAGE3_PRIMARY_ADJUDICATION_BATCH02
W2oZdVu2rxE,2,2026-08-13,XAUUSD,long,BADAR_CONFIRMED,FILL_UNCLEAR,EXACT_M1,2026-08-13T13:40:00Z,false,"Badar discusses the trade as his own and references having shown live accounts generally, but the source does not tie this specific TradingView position to a live/real broker fill.","notes/streams/W2oZdVu2rxE.md trade #2; transcripts/streams/W2oZdVu2rxE.txt [21:17]-[25:02], [43:39]",2df3d588c4b6d82761df2ee0c6f6639e82ce3414,ea620cb44937f276be2e65ae7da25ae9503be655,IPV1_STAGE3_PRIMARY_ADJUDICATION_BATCH02
B83jlxwuo10,1,2026-09-04,XAUUSD (Exness real),long,BADAR_CONFIRMED,LIVE_OR_REAL_CONFIRMED,EXACT_M1,2026-09-04T12:30:00Z,true,,"notes/streams/B83jlxwuo10.md header and trade #1: Exness real web terminal, Real Badar, balance 10507.24 USD; transcripts/streams/B83jlxwuo10.txt [4:05], [9:12]-[11:16], [21:20]",2df3d588c4b6d82761df2ee0c6f6639e82ce3414,ea620cb44937f276be2e65ae7da25ae9503be655,IPV1_STAGE3_PRIMARY_ADJUDICATION_BATCH02
