stream_id,trade_no,source_date,instrument_source,direction_source,stream_time_source,chart_time_source,timestamp_status,resolved_chart_minute_local,resolution_basis,source_evidence_refs,badar_repo_commit,teacher_table_blob,audit_version
CqEhHmcjeyQ,1,2026-07-06,XAUUSD,long,~26:10-27:40,~19:28 UTC+5 (10:28 NY),INTERVAL_ONLY,,source timestamp remains approximate/ranged at metadata-only audit,dataset/live_trades.csv row CqEhHmcjeyQ#1; notes/streams/CqEhHmcjeyQ.md header/trade log,2df3d588c4b6d82761df2ee0c6f6639e82ce3414,ea620cb44937f276be2e65ae7da25ae9503be655,IPV1_STAGE3_SOURCE_TIMESTAMP_AUDIT_V2
CqEhHmcjeyQ,2,2026-07-06,XAUUSD,long,~45:00,~19:46 UTC+5 (10:46 NY),INTERVAL_ONLY,,source timestamp remains approximate/ranged at metadata-only audit,dataset/live_trades.csv row CqEhHmcjeyQ#2; notes/streams/CqEhHmcjeyQ.md header/trade log,2df3d588c4b6d82761df2ee0c6f6639e82ce3414,ea620cb44937f276be2e65ae7da25ae9503be655,IPV1_STAGE3_SOURCE_TIMESTAMP_AUDIT_V2
9d7IHhIAi6M,1,2026-07-07,XAUUSD,long,limit ~31:07-32:00; filled ~38:30,placed ~18:35 / filled ~18:42 UTC+4 (10:42 NY),INTERVAL_ONLY,,source timestamp remains approximate/ranged at metadata-only audit,dataset/live_trades.csv row 9d7IHhIAi6M#1; notes/streams/9d7IHhIAi6M.md header/trade log,2df3d588c4b6d82761df2ee0c6f6639e82ce3414,ea620cb44937f276be2e65ae7da25ae9503be655,IPV1_STAGE3_SOURCE_TIMESTAMP_AUDIT_V2
mGJ4dtVjlxE,1,2026-07-09,XAUUSD,long,~9:20-10:40,~18:22 UTC+4 (10:22 NY),INTERVAL_ONLY,,source timestamp remains approximate/ranged at metadata-only audit,dataset/live_trades.csv row mGJ4dtVjlxE#1; notes/streams/mGJ4dtVjlxE.md header/trade log,2df3d588c4b6d82761df2ee0c6f6639e82ce3414,ea620cb44937f276be2e65ae7da25ae9503be655,IPV1_STAGE3_SOURCE_TIMESTAMP_AUDIT_V2
mGJ4dtVjlxE,2,2026-07-09,XAUUSD,long,~43:23-45:20,~18:55 UTC+4 (10:55 NY),INTERVAL_ONLY,,source timestamp remains approximate/ranged at metadata-only audit,dataset/live_trades.csv row mGJ4dtVjlxE#2; notes/streams/mGJ4dtVjlxE.md header/trade log,2df3d588c4b6d82761df2ee0c6f6639e82ce3414,ea620cb44937f276be2e65ae7da25ae9503be655,IPV1_STAGE3_SOURCE_TIMESTAMP_AUDIT_V2
E2Vu2bndWRc,1,2026-07-10,XAUUSD,long,pre-stream (Exness history frame 34:20),11:07:29 terminal time (UTC+4 assumed; ~03:07 NY London open),INTERVAL_ONLY,,source timestamp remains approximate/ranged at metadata-only audit,dataset/live_trades.csv row E2Vu2bndWRc#1; notes/streams/E2Vu2bndWRc.md header/trade log,2df3d588c4b6d82761df2ee0c6f6639e82ce3414,ea620cb44937f276be2e65ae7da25ae9503be655,IPV1_STAGE3_SOURCE_TIMESTAMP_AUDIT_V2
E2Vu2bndWRc,2,2026-07-10,XAUUSD,long,pre-stream (Exness history frame 34:20),11:14:03 terminal time (UTC+4 assumed; ~03:14 NY London open),INTERVAL_ONLY,,source timestamp remains approximate/ranged at metadata-only audit,dataset/live_trades.csv row E2Vu2bndWRc#2; notes/streams/E2Vu2bndWRc.md header/trade log,2df3d588c4b6d82761df2ee0c6f6639e82ce3414,ea620cb44937f276be2e65ae7da25ae9503be655,IPV1_STAGE3_SOURCE_TIMESTAMP_AUDIT_V2
E2Vu2bndWRc,3,2026-07-10,XAUUSD,short,5:53-9:20 (box 9:20-19:20),~18:06-18:08 UTC+4 (~10:06 NY),INTERVAL_ONLY,,source timestamp remains approximate/ranged at metadata-only audit,dataset/live_trades.csv row E2Vu2bndWRc#3; notes/streams/E2Vu2bndWRc.md header/trade log,2df3d588c4b6d82761df2ee0c6f6639e82ce3414,ea620cb44937f276be2e65ae7da25ae9503be655,IPV1_STAGE3_SOURCE_TIMESTAMP_AUDIT_V2
E2Vu2bndWRc,4,2026-07-10,XAUUSD,long,20:08-22:17 (box 22:20-24:00),~18:20 UTC+4 (~10:20 NY),INTERVAL_ONLY,,source timestamp remains approximate/ranged at metadata-only audit,dataset/live_trades.csv row E2Vu2bndWRc#4; notes/streams/E2Vu2bndWRc.md header/trade log,2df3d588c4b6d82761df2ee0c6f6639e82ce3414,ea620cb44937f276be2e65ae7da25ae9503be655,IPV1_STAGE3_SOURCE_TIMESTAMP_AUDIT_V2
NPUPkMWzKTE,1,2026-07-21,XAUUSD,short,6:22-8:40,~18:11 UTC+4 (10:11 NY),EXACT_M1,18:11,source transcript [8:00] says 'Let's also do a sell here' and 'I've done it'; exact stream anchor 0:00=18:03:16 UTC+4 resolves execution statement to 18:11:16; frame NPUPkMWzKTE_01.jpg shows the corresponding position tool at 8:40,dataset/live_trades.csv row NPUPkMWzKTE#1; notes/streams/NPUPkMWzKTE.md; transcripts/streams/NPUPkMWzKTE.txt [8:00]; evidence/frames/streams/NPUPkMWzKTE_01.jpg,2df3d588c4b6d82761df2ee0c6f6639e82ce3414,ea620cb44937f276be2e65ae7da25ae9503be655,IPV1_STAGE3_SOURCE_TIMESTAMP_AUDIT_V2
NPUPkMWzKTE,2,2026-07-21,XAUUSD,short,16:40-18:40,~18:19-18:20 UTC+4 (10:19 NY),INTERVAL_ONLY,,source timestamp remains approximate/ranged at metadata-only audit,dataset/live_trades.csv row NPUPkMWzKTE#2; notes/streams/NPUPkMWzKTE.md header/trade log,2df3d588c4b6d82761df2ee0c6f6639e82ce3414,ea620cb44937f276be2e65ae7da25ae9503be655,IPV1_STAGE3_SOURCE_TIMESTAMP_AUDIT_V2
NPUPkMWzKTE,3,2026-07-21,XAUUSD,short,39:00-48:20,~18:50-18:51 UTC+4 (10:50 NY),INTERVAL_ONLY,,source timestamp remains approximate/ranged at metadata-only audit,dataset/live_trades.csv row NPUPkMWzKTE#3; notes/streams/NPUPkMWzKTE.md header/trade log,2df3d588c4b6d82761df2ee0c6f6639e82ce3414,ea620cb44937f276be2e65ae7da25ae9503be655,IPV1_STAGE3_SOURCE_TIMESTAMP_AUDIT_V2
M078bAYBc-E,1,2026-07-22,XAUUSD,long,16:00-17:42,~18:18 UTC+4 (10:18 NY),INTERVAL_ONLY,,source timestamp remains approximate/ranged at metadata-only audit,dataset/live_trades.csv row M078bAYBc-E#1; notes/streams/M078bAYBc-E.md header/trade log,2df3d588c4b6d82761df2ee0c6f6639e82ce3414,ea620cb44937f276be2e65ae7da25ae9503be655,IPV1_STAGE3_SOURCE_TIMESTAMP_AUDIT_V2
M078bAYBc-E,2,2026-07-22,XAUUSD,long,55:37-56:20,~18:59-19:00 UTC+4 (~11:00 NY),EXACT_M1,18:59,exact relative stream timestamp/range plus exact source chart-clock anchor independently resolve the same displayed minute,dataset/live_trades.csv row M078bAYBc-E#2; notes/streams/M078bAYBc-E.md header/trade log,2df3d588c4b6d82761df2ee0c6f6639e82ce3414,ea620cb44937f276be2e65ae7da25ae9503be655,IPV1_STAGE3_SOURCE_TIMESTAMP_AUDIT_V2
m0l1wj9IZ2o,1,2026-07-23,XAUUSD,short,8:14 (box 9:20),~17:19-17:20 UTC+4 (~09:19 NY),INTERVAL_ONLY,,source timestamp remains approximate/ranged at metadata-only audit,dataset/live_trades.csv row m0l1wj9IZ2o#1; notes/streams/m0l1wj9IZ2o.md header/trade log,2df3d588c4b6d82761df2ee0c6f6639e82ce3414,ea620cb44937f276be2e65ae7da25ae9503be655,IPV1_STAGE3_SOURCE_TIMESTAMP_AUDIT_V2
m0l1wj9IZ2o,2,2026-07-23,XAUUSD,short,9:48 (box 11:00-15:40),~17:21-17:22 UTC+4 (~09:21 NY),INTERVAL_ONLY,,source timestamp remains approximate/ranged at metadata-only audit,dataset/live_trades.csv row m0l1wj9IZ2o#2; notes/streams/m0l1wj9IZ2o.md header/trade log,2df3d588c4b6d82761df2ee0c6f6639e82ce3414,ea620cb44937f276be2e65ae7da25ae9503be655,IPV1_STAGE3_SOURCE_TIMESTAMP_AUDIT_V2
m0l1wj9IZ2o,3,2026-07-23,XAUUSD,short,21:43 (box 23:00-37:40),~17:33 UTC+4 (~09:33 NY),EXACT_M1,17:33,"source transcript [21:43] says 'I am selling' and 'I am taking this from here, from this exact place'; exact stream anchor 0:00=17:11:53 UTC+4 resolves that execution statement to 17:33:36; frame m0l1wj9IZ2o_03.jpg shows the position tool by 23:00",dataset/live_trades.csv row m0l1wj9IZ2o#3; notes/streams/m0l1wj9IZ2o.md; transcripts/streams/m0l1wj9IZ2o.txt [21:43]; evidence/frames/streams/m0l1wj9IZ2o_03.jpg,2df3d588c4b6d82761df2ee0c6f6639e82ce3414,ea620cb44937f276be2e65ae7da25ae9503be655,IPV1_STAGE3_SOURCE_TIMESTAMP_AUDIT_V2
wQ5uxbmLlM4,1,2026-07-27,XAUUSD,long,5:28-7:34 (box 10:00-16:40),~17:15-17:19 UTC+4 (~09:15 NY),INTERVAL_ONLY,,source timestamp remains approximate/ranged at metadata-only audit,dataset/live_trades.csv row wQ5uxbmLlM4#1; notes/streams/wQ5uxbmLlM4.md header/trade log,2df3d588c4b6d82761df2ee0c6f6639e82ce3414,ea620cb44937f276be2e65ae7da25ae9503be655,IPV1_STAGE3_SOURCE_TIMESTAMP_AUDIT_V2
wQ5uxbmLlM4,2,2026-07-27,XAUUSD,long,46:55-50:51 (box 49:00-58:20),~17:59 UTC+4 (~09:59 NY),INTERVAL_ONLY,,source timestamp remains approximate/ranged at metadata-only audit,dataset/live_trades.csv row wQ5uxbmLlM4#2; notes/streams/wQ5uxbmLlM4.md header/trade log,2df3d588c4b6d82761df2ee0c6f6639e82ce3414,ea620cb44937f276be2e65ae7da25ae9503be655,IPV1_STAGE3_SOURCE_TIMESTAMP_AUDIT_V2
suuicaoUvDQ,1,2026-07-28,XAUUSD,long,3:32,~17:39 UTC+4 (09:39 NY),EXACT_M1,17:39,exact relative stream timestamp/range plus exact source chart-clock anchor independently resolve the same displayed minute,dataset/live_trades.csv row suuicaoUvDQ#1; notes/streams/suuicaoUvDQ.md header/trade log,2df3d588c4b6d82761df2ee0c6f6639e82ce3414,ea620cb44937f276be2e65ae7da25ae9503be655,IPV1_STAGE3_SOURCE_TIMESTAMP_AUDIT_V2
suuicaoUvDQ,2,2026-07-28,XAUUSD,long,13:40,~17:48 UTC+4 (09:48 NY),INTERVAL_ONLY,,source timestamp remains approximate/ranged at metadata-only audit,dataset/live_trades.csv row suuicaoUvDQ#2; notes/streams/suuicaoUvDQ.md header/trade log,2df3d588c4b6d82761df2ee0c6f6639e82ce3414,ea620cb44937f276be2e65ae7da25ae9503be655,IPV1_STAGE3_SOURCE_TIMESTAMP_AUDIT_V2
suuicaoUvDQ,3,2026-07-28,XAUUSD,long,47:00,~18:22 UTC+4 (10:22 NY),EXACT_M1,18:22,exact relative stream timestamp/range plus exact source chart-clock anchor independently resolve the same displayed minute,dataset/live_trades.csv row suuicaoUvDQ#3; notes/streams/suuicaoUvDQ.md header/trade log,2df3d588c4b6d82761df2ee0c6f6639e82ce3414,ea620cb44937f276be2e65ae7da25ae9503be655,IPV1_STAGE3_SOURCE_TIMESTAMP_AUDIT_V2
2c249LLRY_Q,1,2026-07-29,XAUUSD,short,18:16,~17:21 UTC+4 (09:21 NY),EXACT_M1,17:21,exact relative stream timestamp/range plus exact source chart-clock anchor independently resolve the same displayed minute,dataset/live_trades.csv row 2c249LLRY_Q#1; notes/streams/2c249LLRY_Q.md header/trade log,2df3d588c4b6d82761df2ee0c6f6639e82ce3414,ea620cb44937f276be2e65ae7da25ae9503be655,IPV1_STAGE3_SOURCE_TIMESTAMP_AUDIT_V2
MbUagftbsIw,1,2026-07-29,XAUUSD,long,12:00,~22:04 UTC+4 (14:04 NY),INTERVAL_ONLY,,source timestamp remains approximate/ranged at metadata-only audit,dataset/live_trades.csv row MbUagftbsIw#1; notes/streams/MbUagftbsIw.md header/trade log,2df3d588c4b6d82761df2ee0c6f6639e82ce3414,ea620cb44937f276be2e65ae7da25ae9503be655,IPV1_STAGE3_SOURCE_TIMESTAMP_AUDIT_V2
MbUagftbsIw,2,2026-07-29,XAUUSD,long,24:20,~22:18 UTC+4 (14:18 NY),EXACT_M1,22:18,exact relative stream timestamp/range plus exact source chart-clock anchor independently resolve the same displayed minute,dataset/live_trades.csv row MbUagftbsIw#2; notes/streams/MbUagftbsIw.md header/trade log,2df3d588c4b6d82761df2ee0c6f6639e82ce3414,ea620cb44937f276be2e65ae7da25ae9503be655,IPV1_STAGE3_SOURCE_TIMESTAMP_AUDIT_V2
MbUagftbsIw,3,2026-07-29,XAUUSD,long,34:20,~22:27 UTC+4 (14:27 NY),INTERVAL_ONLY,,source timestamp remains approximate/ranged at metadata-only audit,dataset/live_trades.csv row MbUagftbsIw#3; notes/streams/MbUagftbsIw.md header/trade log,2df3d588c4b6d82761df2ee0c6f6639e82ce3414,ea620cb44937f276be2e65ae7da25ae9503be655,IPV1_STAGE3_SOURCE_TIMESTAMP_AUDIT_V2
9D7wgJCdP5c,1,2026-07-30,XAUUSD,short,11:40,~17:16 UTC+4 (09:16 NY),EXACT_M1,17:16,exact relative stream timestamp/range plus exact source chart-clock anchor independently resolve the same displayed minute,dataset/live_trades.csv row 9D7wgJCdP5c#1; notes/streams/9D7wgJCdP5c.md header/trade log,2df3d588c4b6d82761df2ee0c6f6639e82ce3414,ea620cb44937f276be2e65ae7da25ae9503be655,IPV1_STAGE3_SOURCE_TIMESTAMP_AUDIT_V2
9D7wgJCdP5c,2,2026-07-30,XAUUSD,short,25:40,~17:30 UTC+4 (09:30 NY),EXACT_M1,17:30,exact relative stream timestamp/range plus exact source chart-clock anchor independently resolve the same displayed minute,dataset/live_trades.csv row 9D7wgJCdP5c#2; notes/streams/9D7wgJCdP5c.md header/trade log,2df3d588c4b6d82761df2ee0c6f6639e82ce3414,ea620cb44937f276be2e65ae7da25ae9503be655,IPV1_STAGE3_SOURCE_TIMESTAMP_AUDIT_V2
9D7wgJCdP5c,3,2026-07-30,XAUUSD,short,46:00,~17:50 UTC+4 (09:50 NY),EXACT_M1,17:50,exact relative stream timestamp/range plus exact source chart-clock anchor independently resolve the same displayed minute,dataset/live_trades.csv row 9D7wgJCdP5c#3; notes/streams/9D7wgJCdP5c.md header/trade log,2df3d588c4b6d82761df2ee0c6f6639e82ce3414,ea620cb44937f276be2e65ae7da25ae9503be655,IPV1_STAGE3_SOURCE_TIMESTAMP_AUDIT_V2
h93tKxejXwQ,1,2026-07-31,XAUUSD,short,~4:40-5:52 (box at 7:40),~17:03 UTC+4 (~09:03 NY),INTERVAL_ONLY,,source timestamp remains approximate/ranged at metadata-only audit,dataset/live_trades.csv row h93tKxejXwQ#1; notes/streams/h93tKxejXwQ.md header/trade log,2df3d588c4b6d82761df2ee0c6f6639e82ce3414,ea620cb44937f276be2e65ae7da25ae9503be655,IPV1_STAGE3_SOURCE_TIMESTAMP_AUDIT_V2
h93tKxejXwQ,2,2026-07-31,XAUUSD,short,~31:35-32:43 (box at 32:40),~17:30 UTC+4 (~09:30 NY),INTERVAL_ONLY,,source timestamp remains approximate/ranged at metadata-only audit,dataset/live_trades.csv row h93tKxejXwQ#2; notes/streams/h93tKxejXwQ.md header/trade log,2df3d588c4b6d82761df2ee0c6f6639e82ce3414,ea620cb44937f276be2e65ae7da25ae9503be655,IPV1_STAGE3_SOURCE_TIMESTAMP_AUDIT_V2
HOidQitTyAc,1,2026-08-03,XAUUSD,long,~6:14 (box at 8:00),~17:06 UTC+4 (~09:06 NY),INTERVAL_ONLY,,source timestamp remains approximate/ranged at metadata-only audit,dataset/live_trades.csv row HOidQitTyAc#1; notes/streams/HOidQitTyAc.md header/trade log,2df3d588c4b6d82761df2ee0c6f6639e82ce3414,ea620cb44937f276be2e65ae7da25ae9503be655,IPV1_STAGE3_SOURCE_TIMESTAMP_AUDIT_V2
HOidQitTyAc,2,2026-08-03,XAUUSD,long,~31:05-32:00 (box at 33:20),~17:31 UTC+4 (~09:31 NY),INTERVAL_ONLY,,source timestamp remains approximate/ranged at metadata-only audit,dataset/live_trades.csv row HOidQitTyAc#2; notes/streams/HOidQitTyAc.md header/trade log,2df3d588c4b6d82761df2ee0c6f6639e82ce3414,ea620cb44937f276be2e65ae7da25ae9503be655,IPV1_STAGE3_SOURCE_TIMESTAMP_AUDIT_V2
HOidQitTyAc,3,2026-08-03,XAUUSD,long,~61:20-62:28 (box at 63:00),~18:01 UTC+4 (~10:01 NY; ISM PMI at 10:00 NY),EXACT_M1,18:01,source transcript [61:20] says 'Let's take a trade from here'; exact stream anchor 0:00=16:59:43 UTC+4 resolves that call to 18:01:03; frame sheet HOidQitTyAc_07.jpg shows the resulting position tool by 63:00,dataset/live_trades.csv row HOidQitTyAc#3; notes/streams/HOidQitTyAc.md; transcripts/streams/HOidQitTyAc.txt [61:20]; evidence/frames/streams/HOidQitTyAc_07.jpg,2df3d588c4b6d82761df2ee0c6f6639e82ce3414,ea620cb44937f276be2e65ae7da25ae9503be655,IPV1_STAGE3_SOURCE_TIMESTAMP_AUDIT_V2
HOidQitTyAc,4,2026-08-03,XAUUSD,long,~70:40-71:41 (box at 72:40),~18:11 UTC+4 (~10:11 NY),INTERVAL_ONLY,,source timestamp remains approximate/ranged at metadata-only audit,dataset/live_trades.csv row HOidQitTyAc#4; notes/streams/HOidQitTyAc.md header/trade log,2df3d588c4b6d82761df2ee0c6f6639e82ce3414,ea620cb44937f276be2e65ae7da25ae9503be655,IPV1_STAGE3_SOURCE_TIMESTAMP_AUDIT_V2
aEw6393GE1c,1,2026-08-03,XAUUSD,long,pre-stream (shown 1:05-13:20),~11:02 UTC+4 (08:02 London),INTERVAL_ONLY,,source timestamp remains approximate/ranged at metadata-only audit,dataset/live_trades.csv row aEw6393GE1c#1; notes/streams/aEw6393GE1c.md header/trade log,2df3d588c4b6d82761df2ee0c6f6639e82ce3414,ea620cb44937f276be2e65ae7da25ae9503be655,IPV1_STAGE3_SOURCE_TIMESTAMP_AUDIT_V2
aEw6393GE1c,2,2026-08-03,XAUUSD,short,26:34,~11:31 UTC+4 (08:31 London),INTERVAL_ONLY,,source timestamp remains approximate/ranged at metadata-only audit,dataset/live_trades.csv row aEw6393GE1c#2; notes/streams/aEw6393GE1c.md header/trade log,2df3d588c4b6d82761df2ee0c6f6639e82ce3414,ea620cb44937f276be2e65ae7da25ae9503be655,IPV1_STAGE3_SOURCE_TIMESTAMP_AUDIT_V2
EVm0u9Csglk,1,2026-08-04,XAUUSD,short,~37:56 (box at 38:20),~19:32 UTC+4 (~11:32 NY),INTERVAL_ONLY,,source timestamp remains approximate/ranged at metadata-only audit,dataset/live_trades.csv row EVm0u9Csglk#1; notes/streams/EVm0u9Csglk.md header/trade log,2df3d588c4b6d82761df2ee0c6f6639e82ce3414,ea620cb44937f276be2e65ae7da25ae9503be655,IPV1_STAGE3_SOURCE_TIMESTAMP_AUDIT_V2
EVm0u9Csglk,2,2026-08-04,XAUUSD,short,~43:00-44:20 (box at 44:20),~19:38 UTC+4 (~11:38 NY),INTERVAL_ONLY,,source timestamp remains approximate/ranged at metadata-only audit,dataset/live_trades.csv row EVm0u9Csglk#2; notes/streams/EVm0u9Csglk.md header/trade log,2df3d588c4b6d82761df2ee0c6f6639e82ce3414,ea620cb44937f276be2e65ae7da25ae9503be655,IPV1_STAGE3_SOURCE_TIMESTAMP_AUDIT_V2
HwXIifB0P6o,1,2026-08-04,XAUUSD,short,~20:56 (box at 22:00),~11:25 UTC+4 (~03:25 NY; London session),INTERVAL_ONLY,,source timestamp remains approximate/ranged at metadata-only audit,dataset/live_trades.csv row HwXIifB0P6o#1; notes/streams/HwXIifB0P6o.md header/trade log,2df3d588c4b6d82761df2ee0c6f6639e82ce3414,ea620cb44937f276be2e65ae7da25ae9503be655,IPV1_STAGE3_SOURCE_TIMESTAMP_AUDIT_V2
HwXIifB0P6o,2,2026-08-04,XAUUSD,short,~30:31 (box at 31:40),~11:35 UTC+4 (~03:35 NY; London session),INTERVAL_ONLY,,source timestamp remains approximate/ranged at metadata-only audit,dataset/live_trades.csv row HwXIifB0P6o#2; notes/streams/HwXIifB0P6o.md header/trade log,2df3d588c4b6d82761df2ee0c6f6639e82ce3414,ea620cb44937f276be2e65ae7da25ae9503be655,IPV1_STAGE3_SOURCE_TIMESTAMP_AUDIT_V2
KsWpzeJhAVk,1,2026-08-05,XAUUSD,short,25:16,~11:21 UTC+4 (08:21 London),INTERVAL_ONLY,,source timestamp remains approximate/ranged at metadata-only audit,dataset/live_trades.csv row KsWpzeJhAVk#1; notes/streams/KsWpzeJhAVk.md header/trade log,2df3d588c4b6d82761df2ee0c6f6639e82ce3414,ea620cb44937f276be2e65ae7da25ae9503be655,IPV1_STAGE3_SOURCE_TIMESTAMP_AUDIT_V2
KsWpzeJhAVk,2,2026-08-05,XAUUSD,short,52:55,~11:48 UTC+4 (08:48 London),EXACT_M1,11:48,exact relative stream timestamp/range plus exact source chart-clock anchor independently resolve the same displayed minute,dataset/live_trades.csv row KsWpzeJhAVk#2; notes/streams/KsWpzeJhAVk.md header/trade log,2df3d588c4b6d82761df2ee0c6f6639e82ce3414,ea620cb44937f276be2e65ae7da25ae9503be655,IPV1_STAGE3_SOURCE_TIMESTAMP_AUDIT_V2
OCBsHuFhjUQ,1,2026-08-05,XAUUSD,short,1:56,~17:07 UTC+4 (09:07 NY),EXACT_M1,17:07,exact relative stream timestamp/range plus exact source chart-clock anchor independently resolve the same displayed minute,dataset/live_trades.csv row OCBsHuFhjUQ#1; notes/streams/OCBsHuFhjUQ.md header/trade log,2df3d588c4b6d82761df2ee0c6f6639e82ce3414,ea620cb44937f276be2e65ae7da25ae9503be655,IPV1_STAGE3_SOURCE_TIMESTAMP_AUDIT_V2
OCBsHuFhjUQ,2,2026-08-05,XAUUSD,short,5:37,~17:10 UTC+4 (09:10 NY),INTERVAL_ONLY,,source timestamp remains approximate/ranged at metadata-only audit,dataset/live_trades.csv row OCBsHuFhjUQ#2; notes/streams/OCBsHuFhjUQ.md header/trade log,2df3d588c4b6d82761df2ee0c6f6639e82ce3414,ea620cb44937f276be2e65ae7da25ae9503be655,IPV1_STAGE3_SOURCE_TIMESTAMP_AUDIT_V2
OCBsHuFhjUQ,3,2026-08-05,XAUUSD,long,26:20,~17:31 UTC+4 (09:31 NY),EXACT_M1,17:31,exact relative stream timestamp/range plus exact source chart-clock anchor independently resolve the same displayed minute,dataset/live_trades.csv row OCBsHuFhjUQ#3; notes/streams/OCBsHuFhjUQ.md header/trade log,2df3d588c4b6d82761df2ee0c6f6639e82ce3414,ea620cb44937f276be2e65ae7da25ae9503be655,IPV1_STAGE3_SOURCE_TIMESTAMP_AUDIT_V2
OCBsHuFhjUQ,4,2026-08-05,XAUUSD,short,44:32,~17:50 UTC+4 (09:50 NY),EXACT_M1,17:50,exact relative stream timestamp/range plus exact source chart-clock anchor independently resolve the same displayed minute,dataset/live_trades.csv row OCBsHuFhjUQ#4; notes/streams/OCBsHuFhjUQ.md header/trade log,2df3d588c4b6d82761df2ee0c6f6639e82ce3414,ea620cb44937f276be2e65ae7da25ae9503be655,IPV1_STAGE3_SOURCE_TIMESTAMP_AUDIT_V2
OCBsHuFhjUQ,5,2026-08-05,XAUUSD,short,55:15,~18:00 UTC+4 (10:00 NY),EXACT_M1,18:00,exact relative stream timestamp/range plus exact source chart-clock anchor independently resolve the same displayed minute,dataset/live_trades.csv row OCBsHuFhjUQ#5; notes/streams/OCBsHuFhjUQ.md header/trade log,2df3d588c4b6d82761df2ee0c6f6639e82ce3414,ea620cb44937f276be2e65ae7da25ae9503be655,IPV1_STAGE3_SOURCE_TIMESTAMP_AUDIT_V2
gfP4EW1IfVE,1,2026-08-06,XAUUSD,short,18:25,~11:20 UTC+4 (07:20 London),INTERVAL_ONLY,,source timestamp remains approximate/ranged at metadata-only audit,dataset/live_trades.csv row gfP4EW1IfVE#1; notes/streams/gfP4EW1IfVE.md header/trade log,2df3d588c4b6d82761df2ee0c6f6639e82ce3414,ea620cb44937f276be2e65ae7da25ae9503be655,IPV1_STAGE3_SOURCE_TIMESTAMP_AUDIT_V2
gfP4EW1IfVE,2,2026-08-06,XAUUSD,short,29:53,~11:31 UTC+4 (07:31 London),EXACT_M1,11:31,exact relative stream timestamp/range plus exact source chart-clock anchor independently resolve the same displayed minute,dataset/live_trades.csv row gfP4EW1IfVE#2; notes/streams/gfP4EW1IfVE.md header/trade log,2df3d588c4b6d82761df2ee0c6f6639e82ce3414,ea620cb44937f276be2e65ae7da25ae9503be655,IPV1_STAGE3_SOURCE_TIMESTAMP_AUDIT_V2
ldrw26fGZOE,1,2026-08-06,XAUUSD,short,2:14,~17:01 UTC+4 (09:01 NY),INTERVAL_ONLY,,source timestamp remains approximate/ranged at metadata-only audit,dataset/live_trades.csv row ldrw26fGZOE#1; notes/streams/ldrw26fGZOE.md header/trade log,2df3d588c4b6d82761df2ee0c6f6639e82ce3414,ea620cb44937f276be2e65ae7da25ae9503be655,IPV1_STAGE3_SOURCE_TIMESTAMP_AUDIT_V2
ldrw26fGZOE,2,2026-08-06,XAUUSD,short,18:07,~17:17 UTC+4 (09:17 NY),INTERVAL_ONLY,,source timestamp remains approximate/ranged at metadata-only audit,dataset/live_trades.csv row ldrw26fGZOE#2; notes/streams/ldrw26fGZOE.md header/trade log,2df3d588c4b6d82761df2ee0c6f6639e82ce3414,ea620cb44937f276be2e65ae7da25ae9503be655,IPV1_STAGE3_SOURCE_TIMESTAMP_AUDIT_V2
ldrw26fGZOE,3,2026-08-06,XAUUSD,long,24:05,~17:22 UTC+4 (09:22 NY),INTERVAL_ONLY,,source timestamp remains approximate/ranged at metadata-only audit,dataset/live_trades.csv row ldrw26fGZOE#3; notes/streams/ldrw26fGZOE.md header/trade log,2df3d588c4b6d82761df2ee0c6f6639e82ce3414,ea620cb44937f276be2e65ae7da25ae9503be655,IPV1_STAGE3_SOURCE_TIMESTAMP_AUDIT_V2
ldrw26fGZOE,4,2026-08-06,XAUUSD,long,36:20,~17:36 UTC+4 (09:36 NY),INTERVAL_ONLY,,source timestamp remains approximate/ranged at metadata-only audit,dataset/live_trades.csv row ldrw26fGZOE#4; notes/streams/ldrw26fGZOE.md header/trade log,2df3d588c4b6d82761df2ee0c6f6639e82ce3414,ea620cb44937f276be2e65ae7da25ae9503be655,IPV1_STAGE3_SOURCE_TIMESTAMP_AUDIT_V2
NIDMLJuBPwk,1,2026-08-07,XAUUSD,long,29:07,~16:34 UTC+4 (08:34 NY),EXACT_M1,16:34,exact relative stream timestamp/range plus exact source chart-clock anchor independently resolve the same displayed minute,dataset/live_trades.csv row NIDMLJuBPwk#1; notes/streams/NIDMLJuBPwk.md header/trade log,2df3d588c4b6d82761df2ee0c6f6639e82ce3414,ea620cb44937f276be2e65ae7da25ae9503be655,IPV1_STAGE3_SOURCE_TIMESTAMP_AUDIT_V2
NIDMLJuBPwk,2,2026-08-07,XAUUSD,long,59:17,~17:05 UTC+4 (09:05 NY),INTERVAL_ONLY,,source timestamp remains approximate/ranged at metadata-only audit,dataset/live_trades.csv row NIDMLJuBPwk#2; notes/streams/NIDMLJuBPwk.md header/trade log,2df3d588c4b6d82761df2ee0c6f6639e82ce3414,ea620cb44937f276be2e65ae7da25ae9503be655,IPV1_STAGE3_SOURCE_TIMESTAMP_AUDIT_V2
W2oZdVu2rxE,1,2026-08-13,XAUUSD,long,14:40,~17:33 UTC+4 (09:33 NY),INTERVAL_ONLY,,source timestamp remains approximate/ranged at metadata-only audit,dataset/live_trades.csv row W2oZdVu2rxE#1; notes/streams/W2oZdVu2rxE.md header/trade log,2df3d588c4b6d82761df2ee0c6f6639e82ce3414,ea620cb44937f276be2e65ae7da25ae9503be655,IPV1_STAGE3_SOURCE_TIMESTAMP_AUDIT_V2
W2oZdVu2rxE,2,2026-08-13,XAUUSD,long,22:40,~17:40 UTC+4 (09:40 NY),EXACT_M1,17:40,exact relative stream timestamp/range plus exact source chart-clock anchor independently resolve the same displayed minute,dataset/live_trades.csv row W2oZdVu2rxE#2; notes/streams/W2oZdVu2rxE.md header/trade log,2df3d588c4b6d82761df2ee0c6f6639e82ce3414,ea620cb44937f276be2e65ae7da25ae9503be655,IPV1_STAGE3_SOURCE_TIMESTAMP_AUDIT_V2
IQ4J5GJJK5Q,1,2026-08-17,XAUUSD,short,8:00-9:20,~17:39 UTC+4 (09:39 NY),INTERVAL_ONLY,,source timestamp remains approximate/ranged at metadata-only audit,dataset/live_trades.csv row IQ4J5GJJK5Q#1; notes/streams/IQ4J5GJJK5Q.md header/trade log,2df3d588c4b6d82761df2ee0c6f6639e82ce3414,ea620cb44937f276be2e65ae7da25ae9503be655,IPV1_STAGE3_SOURCE_TIMESTAMP_AUDIT_V2
IQ4J5GJJK5Q,2,2026-08-17,XAUUSD,short,19:37-22:20,~17:52 UTC+4 (09:52 NY),INTERVAL_ONLY,,source timestamp remains approximate/ranged at metadata-only audit,dataset/live_trades.csv row IQ4J5GJJK5Q#2; notes/streams/IQ4J5GJJK5Q.md header/trade log,2df3d588c4b6d82761df2ee0c6f6639e82ce3414,ea620cb44937f276be2e65ae7da25ae9503be655,IPV1_STAGE3_SOURCE_TIMESTAMP_AUDIT_V2
JJOGnPBF67I,1,2026-08-17,XAUUSD,short,9:00-10:40,~11:18 UTC+4 (03:18 NY; London),INTERVAL_ONLY,,source timestamp remains approximate/ranged at metadata-only audit,dataset/live_trades.csv row JJOGnPBF67I#1; notes/streams/JJOGnPBF67I.md header/trade log,2df3d588c4b6d82761df2ee0c6f6639e82ce3414,ea620cb44937f276be2e65ae7da25ae9503be655,IPV1_STAGE3_SOURCE_TIMESTAMP_AUDIT_V2
JJOGnPBF67I,2,2026-08-17,XAUUSD,long,23:20,~11:31 UTC+4 (03:31 NY; London),INTERVAL_ONLY,,source timestamp remains approximate/ranged at metadata-only audit,dataset/live_trades.csv row JJOGnPBF67I#2; notes/streams/JJOGnPBF67I.md header/trade log,2df3d588c4b6d82761df2ee0c6f6639e82ce3414,ea620cb44937f276be2e65ae7da25ae9503be655,IPV1_STAGE3_SOURCE_TIMESTAMP_AUDIT_V2
u7KGSeF2lA0,1,2026-08-28,XAUUSD,long,12:05-13:07,~18:02 UTC+4 (10:02 NY),INTERVAL_ONLY,,source timestamp remains approximate/ranged at metadata-only audit,dataset/live_trades.csv row u7KGSeF2lA0#1; notes/streams/u7KGSeF2lA0.md header/trade log,2df3d588c4b6d82761df2ee0c6f6639e82ce3414,ea620cb44937f276be2e65ae7da25ae9503be655,IPV1_STAGE3_SOURCE_TIMESTAMP_AUDIT_V2
u7KGSeF2lA0,2,2026-08-28,XAUUSD,long,25:20-26:27,~18:16 UTC+4 (10:16 NY),INTERVAL_ONLY,,source timestamp remains approximate/ranged at metadata-only audit,dataset/live_trades.csv row u7KGSeF2lA0#2; notes/streams/u7KGSeF2lA0.md header/trade log,2df3d588c4b6d82761df2ee0c6f6639e82ce3414,ea620cb44937f276be2e65ae7da25ae9503be655,IPV1_STAGE3_SOURCE_TIMESTAMP_AUDIT_V2
u7KGSeF2lA0,3,2026-08-28,XAUUSD,short,33:07-34:40,~18:24 UTC+4 (10:24 NY),INTERVAL_ONLY,,source timestamp remains approximate/ranged at metadata-only audit,dataset/live_trades.csv row u7KGSeF2lA0#3; notes/streams/u7KGSeF2lA0.md header/trade log,2df3d588c4b6d82761df2ee0c6f6639e82ce3414,ea620cb44937f276be2e65ae7da25ae9503be655,IPV1_STAGE3_SOURCE_TIMESTAMP_AUDIT_V2
q6wgyFyzIs0,1,2026-08-31,XAUUSD (Exness real),short,22:20 (limit; filled ~23:28),~14:33 UTC (10:33 NY),INTERVAL_ONLY,,source timestamp remains approximate/ranged at metadata-only audit,dataset/live_trades.csv row q6wgyFyzIs0#1; notes/streams/q6wgyFyzIs0.md header/trade log,2df3d588c4b6d82761df2ee0c6f6639e82ce3414,ea620cb44937f276be2e65ae7da25ae9503be655,IPV1_STAGE3_SOURCE_TIMESTAMP_AUDIT_V2
q6wgyFyzIs0,2,2026-08-31,XAUUSD (Exness real),short,27:12 (limit; filled by frame 28:20),~14:37 UTC (10:37 NY),INTERVAL_ONLY,,source timestamp remains approximate/ranged at metadata-only audit,dataset/live_trades.csv row q6wgyFyzIs0#2; notes/streams/q6wgyFyzIs0.md header/trade log,2df3d588c4b6d82761df2ee0c6f6639e82ce3414,ea620cb44937f276be2e65ae7da25ae9503be655,IPV1_STAGE3_SOURCE_TIMESTAMP_AUDIT_V2
q6wgyFyzIs0,3,2026-08-31,XAUUSD (Exness real),short,~47:27,~14:57 UTC = 18:57 UTC+4 (10:57 NY),INTERVAL_ONLY,,source timestamp remains approximate/ranged at metadata-only audit,dataset/live_trades.csv row q6wgyFyzIs0#3; notes/streams/q6wgyFyzIs0.md header/trade log,2df3d588c4b6d82761df2ee0c6f6639e82ce3414,ea620cb44937f276be2e65ae7da25ae9503be655,IPV1_STAGE3_SOURCE_TIMESTAMP_AUDIT_V2
CKTqdFza1HE,1,2026-09-02,BTCUSD (Exness),short,~12:20 (shown frame 13:00),~14:18 UTC = 18:18 UTC+4 (10:18 NY),INTERVAL_ONLY,,source timestamp remains approximate/ranged at metadata-only audit,dataset/live_trades.csv row CKTqdFza1HE#1; notes/streams/CKTqdFza1HE.md header/trade log,2df3d588c4b6d82761df2ee0c6f6639e82ce3414,ea620cb44937f276be2e65ae7da25ae9503be655,IPV1_STAGE3_SOURCE_TIMESTAMP_AUDIT_V2
CKTqdFza1HE,2,2026-09-02,XAUUSD,long,~38:14,~14:44 UTC (10:44 NY),INTERVAL_ONLY,,source timestamp remains approximate/ranged at metadata-only audit,dataset/live_trades.csv row CKTqdFza1HE#2; notes/streams/CKTqdFza1HE.md header/trade log,2df3d588c4b6d82761df2ee0c6f6639e82ce3414,ea620cb44937f276be2e65ae7da25ae9503be655,IPV1_STAGE3_SOURCE_TIMESTAMP_AUDIT_V2
CKTqdFza1HE,3,2026-09-02,XAUUSD,long,~43:06 (limit placed 35:50-37:04),~14:49 UTC (10:49 NY),INTERVAL_ONLY,,source timestamp remains approximate/ranged at metadata-only audit,dataset/live_trades.csv row CKTqdFza1HE#3; notes/streams/CKTqdFza1HE.md header/trade log,2df3d588c4b6d82761df2ee0c6f6639e82ce3414,ea620cb44937f276be2e65ae7da25ae9503be655,IPV1_STAGE3_SOURCE_TIMESTAMP_AUDIT_V2
CKTqdFza1HE,4,2026-09-02,XAUUSD,long,~58:05,~15:04 UTC (11:04 NY),INTERVAL_ONLY,,source timestamp remains approximate/ranged at metadata-only audit,dataset/live_trades.csv row CKTqdFza1HE#4; notes/streams/CKTqdFza1HE.md header/trade log,2df3d588c4b6d82761df2ee0c6f6639e82ce3414,ea620cb44937f276be2e65ae7da25ae9503be655,IPV1_STAGE3_SOURCE_TIMESTAMP_AUDIT_V2
B83jlxwuo10,1,2026-09-04,XAUUSD (Exness real),long,10:12-11:16 (limit; filled at NFP ~20:50),placed ~16:20 UTC+4 (08:20 NY); filled 16:30 UTC+4,EXACT_M1,16:30,source records exact NFP fill minute,dataset/live_trades.csv row B83jlxwuo10#1; notes/streams/B83jlxwuo10.md header/trade log,2df3d588c4b6d82761df2ee0c6f6639e82ce3414,ea620cb44937f276be2e65ae7da25ae9503be655,IPV1_STAGE3_SOURCE_TIMESTAMP_AUDIT_V2
B83jlxwuo10,2,2026-09-04,XAUUSD,short,25:02,~16:35 UTC+4 (08:35 NY),INTERVAL_ONLY,,source timestamp remains approximate/ranged at metadata-only audit,dataset/live_trades.csv row B83jlxwuo10#2; notes/streams/B83jlxwuo10.md header/trade log,2df3d588c4b6d82761df2ee0c6f6639e82ce3414,ea620cb44937f276be2e65ae7da25ae9503be655,IPV1_STAGE3_SOURCE_TIMESTAMP_AUDIT_V2
B83jlxwuo10,3,2026-09-04,XAUUSD,short,29:23-30:27,~16:40 UTC+4 (08:40 NY),INTERVAL_ONLY,,source timestamp remains approximate/ranged at metadata-only audit,dataset/live_trades.csv row B83jlxwuo10#3; notes/streams/B83jlxwuo10.md header/trade log,2df3d588c4b6d82761df2ee0c6f6639e82ce3414,ea620cb44937f276be2e65ae7da25ae9503be655,IPV1_STAGE3_SOURCE_TIMESTAMP_AUDIT_V2
B83jlxwuo10,4,2026-09-04,XAUUSD,short,35:47,~16:45 UTC+4 (08:45 NY),INTERVAL_ONLY,,source timestamp remains approximate/ranged at metadata-only audit,dataset/live_trades.csv row B83jlxwuo10#4; notes/streams/B83jlxwuo10.md header/trade log,2df3d588c4b6d82761df2ee0c6f6639e82ce3414,ea620cb44937f276be2e65ae7da25ae9503be655,IPV1_STAGE3_SOURCE_TIMESTAMP_AUDIT_V2
B83jlxwuo10,5,2026-09-04,XAUUSD,short,48:01,~16:57 UTC+4 (08:57 NY),EXACT_M1,16:57,exact relative stream timestamp/range plus exact source chart-clock anchor independently resolve the same displayed minute,dataset/live_trades.csv row B83jlxwuo10#5; notes/streams/B83jlxwuo10.md header/trade log,2df3d588c4b6d82761df2ee0c6f6639e82ce3414,ea620cb44937f276be2e65ae7da25ae9503be655,IPV1_STAGE3_SOURCE_TIMESTAMP_AUDIT_V2
C18mm9p2oW4,1,2026-09-14,XAUUSD,short,14:21,~17:23 UTC+4 (09:23 NY),EXACT_M1,17:23,exact relative stream timestamp/range plus exact source chart-clock anchor independently resolve the same displayed minute,dataset/live_trades.csv row C18mm9p2oW4#1; notes/streams/C18mm9p2oW4.md header/trade log,2df3d588c4b6d82761df2ee0c6f6639e82ce3414,ea620cb44937f276be2e65ae7da25ae9503be655,IPV1_STAGE3_SOURCE_TIMESTAMP_AUDIT_V2
C18mm9p2oW4,2,2026-09-14,XAUUSD,short,15:22 (limit; filled by frame 17:20),~17:25 UTC+4 (09:25 NY),INTERVAL_ONLY,,source timestamp remains approximate/ranged at metadata-only audit,dataset/live_trades.csv row C18mm9p2oW4#2; notes/streams/C18mm9p2oW4.md header/trade log,2df3d588c4b6d82761df2ee0c6f6639e82ce3414,ea620cb44937f276be2e65ae7da25ae9503be655,IPV1_STAGE3_SOURCE_TIMESTAMP_AUDIT_V2
C18mm9p2oW4,3,2026-09-14,XAUUSD,long,37:37,~17:46 UTC+4 (09:46 NY),EXACT_M1,17:46,exact relative stream timestamp/range plus exact source chart-clock anchor independently resolve the same displayed minute,dataset/live_trades.csv row C18mm9p2oW4#3; notes/streams/C18mm9p2oW4.md header/trade log,2df3d588c4b6d82761df2ee0c6f6639e82ce3414,ea620cb44937f276be2e65ae7da25ae9503be655,IPV1_STAGE3_SOURCE_TIMESTAMP_AUDIT_V2
C18mm9p2oW4,4,2026-09-14,XAUUSD (OANDA),short,~53:41,~06:59 PM UTC+5 = 17:59 UTC+4 (09:59 NY),INTERVAL_ONLY,,source timestamp remains approximate/ranged at metadata-only audit,dataset/live_trades.csv row C18mm9p2oW4#4; notes/streams/C18mm9p2oW4.md header/trade log,2df3d588c4b6d82761df2ee0c6f6639e82ce3414,ea620cb44937f276be2e65ae7da25ae9503be655,IPV1_STAGE3_SOURCE_TIMESTAMP_AUDIT_V2
_DK9mCSob5o,1,2026-09-15,XAUUSD,long,~6:35-8:00 (box 7:40/9:20),~17:11 UTC+4 (09:11 NY),INTERVAL_ONLY,,source timestamp remains approximate/ranged at metadata-only audit,dataset/live_trades.csv row _DK9mCSob5o#1; notes/streams/_DK9mCSob5o.md header/trade log,2df3d588c4b6d82761df2ee0c6f6639e82ce3414,ea620cb44937f276be2e65ae7da25ae9503be655,IPV1_STAGE3_SOURCE_TIMESTAMP_AUDIT_V2
_DK9mCSob5o,2,2026-09-15,XAUUSD,long,~20:18 (box 22:40),~17:25 UTC+4 (09:25 NY),INTERVAL_ONLY,,source timestamp remains approximate/ranged at metadata-only audit,dataset/live_trades.csv row _DK9mCSob5o#2; notes/streams/_DK9mCSob5o.md header/trade log,2df3d588c4b6d82761df2ee0c6f6639e82ce3414,ea620cb44937f276be2e65ae7da25ae9503be655,IPV1_STAGE3_SOURCE_TIMESTAMP_AUDIT_V2
_DK9mCSob5o,3,2026-09-15,XAUUSD,short,~42:06,~17:46 UTC+4 (09:46 NY),INTERVAL_ONLY,,source timestamp remains approximate/ranged at metadata-only audit,dataset/live_trades.csv row _DK9mCSob5o#3; notes/streams/_DK9mCSob5o.md header/trade log,2df3d588c4b6d82761df2ee0c6f6639e82ce3414,ea620cb44937f276be2e65ae7da25ae9503be655,IPV1_STAGE3_SOURCE_TIMESTAMP_AUDIT_V2
_DK9mCSob5o,4,2026-09-15,XAUUSD,short,~49:40-53:10 (box 49:40-57:40),~17:54 UTC+4 (09:54 NY),INTERVAL_ONLY,,source timestamp remains approximate/ranged at metadata-only audit,dataset/live_trades.csv row _DK9mCSob5o#4; notes/streams/_DK9mCSob5o.md header/trade log,2df3d588c4b6d82761df2ee0c6f6639e82ce3414,ea620cb44937f276be2e65ae7da25ae9503be655,IPV1_STAGE3_SOURCE_TIMESTAMP_AUDIT_V2
y2Oun9g9abk,1,2026-09-16,XAUUSD,long,~20:27-22:16 (box 23:20),~22:06 UTC+4 (14:06 NY; 6 min after FOMC),INTERVAL_ONLY,,source timestamp remains approximate/ranged at metadata-only audit,dataset/live_trades.csv row y2Oun9g9abk#1; notes/streams/y2Oun9g9abk.md header/trade log,2df3d588c4b6d82761df2ee0c6f6639e82ce3414,ea620cb44937f276be2e65ae7da25ae9503be655,IPV1_STAGE3_SOURCE_TIMESTAMP_AUDIT_V2
y2Oun9g9abk,2,2026-09-16,XAUUSD,short,~24:00-27:26,~22:09-22:12 UTC+4 (14:09-14:12 NY),INTERVAL_ONLY,,source timestamp remains approximate/ranged at metadata-only audit,dataset/live_trades.csv row y2Oun9g9abk#2; notes/streams/y2Oun9g9abk.md header/trade log,2df3d588c4b6d82761df2ee0c6f6639e82ce3414,ea620cb44937f276be2e65ae7da25ae9503be655,IPV1_STAGE3_SOURCE_TIMESTAMP_AUDIT_V2
y2Oun9g9abk,3,2026-09-16,XAUUSD,short,~36:19 (box 37:20),~22:21 UTC+4 (14:21 NY),INTERVAL_ONLY,,source timestamp remains approximate/ranged at metadata-only audit,dataset/live_trades.csv row y2Oun9g9abk#3; notes/streams/y2Oun9g9abk.md header/trade log,2df3d588c4b6d82761df2ee0c6f6639e82ce3414,ea620cb44937f276be2e65ae7da25ae9503be655,IPV1_STAGE3_SOURCE_TIMESTAMP_AUDIT_V2
6trb-6A2t6Q,1,2026-09-17,XAUUSD (Exness 0.22 lot),long,~29:47-31:00,~17:13 UTC+4 (13:13 UTC; 09:13 NY),INTERVAL_ONLY,,source timestamp remains approximate/ranged at metadata-only audit,dataset/live_trades.csv row 6trb-6A2t6Q#1; notes/streams/6trb-6A2t6Q.md header/trade log,2df3d588c4b6d82761df2ee0c6f6639e82ce3414,ea620cb44937f276be2e65ae7da25ae9503be655,IPV1_STAGE3_SOURCE_TIMESTAMP_AUDIT_V2
6trb-6A2t6Q,2,2026-09-17,XAUUSD (Exness 0.22 lot),long,~32:00 (panel 33:40),~17:15 UTC+4 (09:15 NY),INTERVAL_ONLY,,source timestamp remains approximate/ranged at metadata-only audit,dataset/live_trades.csv row 6trb-6A2t6Q#2; notes/streams/6trb-6A2t6Q.md header/trade log,2df3d588c4b6d82761df2ee0c6f6639e82ce3414,ea620cb44937f276be2e65ae7da25ae9503be655,IPV1_STAGE3_SOURCE_TIMESTAMP_AUDIT_V2
6trb-6A2t6Q,3,2026-09-17,XAUUSD (OANDA chart),long,~61:53-62:53 (box 65:00),~17:45 UTC+4 (06:45 PM UTC+5 OANDA; 09:45 NY),INTERVAL_ONLY,,source timestamp remains approximate/ranged at metadata-only audit,dataset/live_trades.csv row 6trb-6A2t6Q#3; notes/streams/6trb-6A2t6Q.md header/trade log,2df3d588c4b6d82761df2ee0c6f6639e82ce3414,ea620cb44937f276be2e65ae7da25ae9503be655,IPV1_STAGE3_SOURCE_TIMESTAMP_AUDIT_V2
fkZjFHTg3GY,1,2026-09-18,XAUUSD,long,~31:05-32:00,~17:33 UTC+4 (09:33 NY),INTERVAL_ONLY,,source timestamp remains approximate/ranged at metadata-only audit,dataset/live_trades.csv row fkZjFHTg3GY#1; notes/streams/fkZjFHTg3GY.md header/trade log,2df3d588c4b6d82761df2ee0c6f6639e82ce3414,ea620cb44937f276be2e65ae7da25ae9503be655,IPV1_STAGE3_SOURCE_TIMESTAMP_AUDIT_V2
qTSedn6hEp8,1,2026-09-21,XAUUSD,short,~12:20-14:42,~17:16-17:18 UTC+4 (09:16-09:18 NY),INTERVAL_ONLY,,source timestamp remains approximate/ranged at metadata-only audit,dataset/live_trades.csv row qTSedn6hEp8#1; notes/streams/qTSedn6hEp8.md header/trade log,2df3d588c4b6d82761df2ee0c6f6639e82ce3414,ea620cb44937f276be2e65ae7da25ae9503be655,IPV1_STAGE3_SOURCE_TIMESTAMP_AUDIT_V2
qTSedn6hEp8,2,2026-09-21,XAUUSD,long,~36:58-45:40,~17:41-17:49 UTC+4 (09:41-09:49 NY),EXACT_M1,17:41,source transcript [36:58] says 'I am buying it from here'; exact stream anchor 0:00=17:04:05 UTC+4 resolves that call to 17:41:03; frame qTSedn6hEp8_04.jpg shows the position tool by 37:20 and the source note later shows the Exness real position,dataset/live_trades.csv row qTSedn6hEp8#2; notes/streams/qTSedn6hEp8.md; transcripts/streams/qTSedn6hEp8.txt [36:58]; evidence/frames/streams/qTSedn6hEp8_04.jpg,2df3d588c4b6d82761df2ee0c6f6639e82ce3414,ea620cb44937f276be2e65ae7da25ae9503be655,IPV1_STAGE3_SOURCE_TIMESTAMP_AUDIT_V2
qTSedn6hEp8,3,2026-09-21,XAUUSD,short,~56:00-58:09,~18:00 UTC+4 (10:00 NY),INTERVAL_ONLY,,source timestamp remains approximate/ranged at metadata-only audit,dataset/live_trades.csv row qTSedn6hEp8#3; notes/streams/qTSedn6hEp8.md header/trade log,2df3d588c4b6d82761df2ee0c6f6639e82ce3414,ea620cb44937f276be2e65ae7da25ae9503be655,IPV1_STAGE3_SOURCE_TIMESTAMP_AUDIT_V2
OpMzvMNNrHM,1,2026-09-23,XAUUSD (OANDA; Zain's chart),short,~16:00-17:01,~17:30 UTC+4 / 06:30 PM UTC+5 (09:30 NY),INTERVAL_ONLY,,source timestamp remains approximate/ranged at metadata-only audit,dataset/live_trades.csv row OpMzvMNNrHM#1; notes/streams/OpMzvMNNrHM.md header/trade log,2df3d588c4b6d82761df2ee0c6f6639e82ce3414,ea620cb44937f276be2e65ae7da25ae9503be655,IPV1_STAGE3_SOURCE_TIMESTAMP_AUDIT_V2
OpMzvMNNrHM,2,2026-09-23,XAUUSD (OANDA; Zain's chart),short,17:01,~17:31 UTC+4 (09:31 NY),EXACT_M1,17:31,exact relative stream timestamp/range plus exact source chart-clock anchor independently resolve the same displayed minute,dataset/live_trades.csv row OpMzvMNNrHM#2; notes/streams/OpMzvMNNrHM.md header/trade log,2df3d588c4b6d82761df2ee0c6f6639e82ce3414,ea620cb44937f276be2e65ae7da25ae9503be655,IPV1_STAGE3_SOURCE_TIMESTAMP_AUDIT_V2
OpMzvMNNrHM,3,2026-09-23,XAUUSD,short,55:56,~18:10 UTC+4 (10:10 NY),EXACT_M1,18:10,exact relative stream timestamp/range plus exact source chart-clock anchor independently resolve the same displayed minute,dataset/live_trades.csv row OpMzvMNNrHM#3; notes/streams/OpMzvMNNrHM.md header/trade log,2df3d588c4b6d82761df2ee0c6f6639e82ce3414,ea620cb44937f276be2e65ae7da25ae9503be655,IPV1_STAGE3_SOURCE_TIMESTAMP_AUDIT_V2
U5CphnzaXio,1,2026-09-24,XAUUSD,short,11:08,~17:18 UTC+4 (09:18 NY),EXACT_M1,17:18,exact relative stream timestamp/range plus exact source chart-clock anchor independently resolve the same displayed minute,dataset/live_trades.csv row U5CphnzaXio#1; notes/streams/U5CphnzaXio.md header/trade log,2df3d588c4b6d82761df2ee0c6f6639e82ce3414,ea620cb44937f276be2e65ae7da25ae9503be655,IPV1_STAGE3_SOURCE_TIMESTAMP_AUDIT_V2
U5CphnzaXio,2,2026-09-24,XAUUSD,short,~41:12-50:20,~17:47-17:57 UTC+4 (09:47-09:57 NY),INTERVAL_ONLY,,source timestamp remains approximate/ranged at metadata-only audit,dataset/live_trades.csv row U5CphnzaXio#2; notes/streams/U5CphnzaXio.md header/trade log,2df3d588c4b6d82761df2ee0c6f6639e82ce3414,ea620cb44937f276be2e65ae7da25ae9503be655,IPV1_STAGE3_SOURCE_TIMESTAMP_AUDIT_V2
1E65DgTFxe0,1,2026-09-25,XAUUSD (TVC GOLD),short,pre-stream (shown 11:06-18:20),~16:45 UTC+4 (~08:45 NY; TVC box ~05:45 PM UTC+5),INTERVAL_ONLY,,source timestamp remains approximate/ranged at metadata-only audit,dataset/live_trades.csv row 1E65DgTFxe0#1; notes/streams/1E65DgTFxe0.md header/trade log,2df3d588c4b6d82761df2ee0c6f6639e82ce3414,ea620cb44937f276be2e65ae7da25ae9503be655,IPV1_STAGE3_SOURCE_TIMESTAMP_AUDIT_V2
1E65DgTFxe0,2,2026-09-25,XAUUSD,short,23:18,17:39 UTC+4 (09:39 NY),EXACT_M1,17:39,source chart_time is one explicit non-approximate minute,dataset/live_trades.csv row 1E65DgTFxe0#2; notes/streams/1E65DgTFxe0.md header/trade log,2df3d588c4b6d82761df2ee0c6f6639e82ce3414,ea620cb44937f276be2e65ae7da25ae9503be655,IPV1_STAGE3_SOURCE_TIMESTAMP_AUDIT_V2
WUblCihXgPU,1,2026-09-28,XAUUSD,long,24:00,17:31 UTC+4 (09:31 NY),EXACT_M1,17:31,source chart_time is one explicit non-approximate minute,dataset/live_trades.csv row WUblCihXgPU#1; notes/streams/WUblCihXgPU.md header/trade log,2df3d588c4b6d82761df2ee0c6f6639e82ce3414,ea620cb44937f276be2e65ae7da25ae9503be655,IPV1_STAGE3_SOURCE_TIMESTAMP_AUDIT_V2
WUblCihXgPU,2,2026-09-28,XAUUSD,long,30:00,17:37 UTC+4 (09:37 NY),EXACT_M1,17:37,source chart_time is one explicit non-approximate minute,dataset/live_trades.csv row WUblCihXgPU#2; notes/streams/WUblCihXgPU.md header/trade log,2df3d588c4b6d82761df2ee0c6f6639e82ce3414,ea620cb44937f276be2e65ae7da25ae9503be655,IPV1_STAGE3_SOURCE_TIMESTAMP_AUDIT_V2
WUblCihXgPU,3,2026-09-28,XAUUSD,short,48:02,17:56 UTC+4 (09:56 NY),EXACT_M1,17:56,source chart_time is one explicit non-approximate minute,dataset/live_trades.csv row WUblCihXgPU#3; notes/streams/WUblCihXgPU.md header/trade log,2df3d588c4b6d82761df2ee0c6f6639e82ce3414,ea620cb44937f276be2e65ae7da25ae9503be655,IPV1_STAGE3_SOURCE_TIMESTAMP_AUDIT_V2
CPGcMydNbbQ,1,2026-09-29,XAUUSD,short,5:22,17:16 UTC+4 (09:16 NY),EXACT_M1,17:16,source chart_time is one explicit non-approximate minute,dataset/live_trades.csv row CPGcMydNbbQ#1; notes/streams/CPGcMydNbbQ.md header/trade log,2df3d588c4b6d82761df2ee0c6f6639e82ce3414,ea620cb44937f276be2e65ae7da25ae9503be655,IPV1_STAGE3_SOURCE_TIMESTAMP_AUDIT_V2
CPGcMydNbbQ,2,2026-09-29,XAUUSD,short,22:20,17:32 UTC+4 (09:32 NY),EXACT_M1,17:32,source chart_time is one explicit non-approximate minute,dataset/live_trades.csv row CPGcMydNbbQ#2; notes/streams/CPGcMydNbbQ.md header/trade log,2df3d588c4b6d82761df2ee0c6f6639e82ce3414,ea620cb44937f276be2e65ae7da25ae9503be655,IPV1_STAGE3_SOURCE_TIMESTAMP_AUDIT_V2
CPGcMydNbbQ,3,2026-09-29,XAUUSD,short,29:20,17:39 UTC+4 (09:39 NY),EXACT_M1,17:39,source chart_time is one explicit non-approximate minute,dataset/live_trades.csv row CPGcMydNbbQ#3; notes/streams/CPGcMydNbbQ.md header/trade log,2df3d588c4b6d82761df2ee0c6f6639e82ce3414,ea620cb44937f276be2e65ae7da25ae9503be655,IPV1_STAGE3_SOURCE_TIMESTAMP_AUDIT_V2
CPGcMydNbbQ,4,2026-09-29,XAUUSD (TVC GOLD feed),short,46:00,17:56 UTC+4 (09:56 NY),EXACT_M1,17:56,source chart_time is one explicit non-approximate minute,dataset/live_trades.csv row CPGcMydNbbQ#4; notes/streams/CPGcMydNbbQ.md header/trade log,2df3d588c4b6d82761df2ee0c6f6639e82ce3414,ea620cb44937f276be2e65ae7da25ae9503be655,IPV1_STAGE3_SOURCE_TIMESTAMP_AUDIT_V2
CPGcMydNbbQ,5,2026-09-29,XAUUSD,short,51:20,18:01 UTC+4 (10:01 NY),EXACT_M1,18:01,source chart_time is one explicit non-approximate minute,dataset/live_trades.csv row CPGcMydNbbQ#5; notes/streams/CPGcMydNbbQ.md header/trade log,2df3d588c4b6d82761df2ee0c6f6639e82ce3414,ea620cb44937f276be2e65ae7da25ae9503be655,IPV1_STAGE3_SOURCE_TIMESTAMP_AUDIT_V2
EOBnMz2Y_9k,1,2026-09-30,XAUUSD,short,before stream (0:00),~16:47 UTC+4 (08:47 NY),INTERVAL_ONLY,,source timestamp remains approximate/ranged at metadata-only audit,dataset/live_trades.csv row EOBnMz2Y_9k#1; notes/streams/EOBnMz2Y_9k.md header/trade log,2df3d588c4b6d82761df2ee0c6f6639e82ce3414,ea620cb44937f276be2e65ae7da25ae9503be655,IPV1_STAGE3_SOURCE_TIMESTAMP_AUDIT_V2
EOBnMz2Y_9k,2,2026-09-30,XAUUSD,short,~51:06,~18:03 UTC+4 (10:03 NY),INTERVAL_ONLY,,source timestamp remains approximate/ranged at metadata-only audit,dataset/live_trades.csv row EOBnMz2Y_9k#2; notes/streams/EOBnMz2Y_9k.md header/trade log,2df3d588c4b6d82761df2ee0c6f6639e82ce3414,ea620cb44937f276be2e65ae7da25ae9503be655,IPV1_STAGE3_SOURCE_TIMESTAMP_AUDIT_V2
EOBnMz2Y_9k,3,2026-09-30,XAUUSD,short,~53:12,~18:07 UTC+4 (10:07 NY),INTERVAL_ONLY,,source timestamp remains approximate/ranged at metadata-only audit,dataset/live_trades.csv row EOBnMz2Y_9k#3; notes/streams/EOBnMz2Y_9k.md header/trade log,2df3d588c4b6d82761df2ee0c6f6639e82ce3414,ea620cb44937f276be2e65ae7da25ae9503be655,IPV1_STAGE3_SOURCE_TIMESTAMP_AUDIT_V2
PYPzCJV-YXE,1,2026-10-01,XAUUSD,short,~5:56-7:17,~18:15 UTC+5 (09:15 NY),EXACT_M1,18:15,"source frame PYPzCJV-YXE_00.jpg shows chart clock 18:12:10 UTC+5 at stream 3:00, fixing stream 0:00 at 18:09:10; source transcript [5:56] says the M15 candle shifted south and 'one trade is directly from here', resolving the trade decision to 18:15:06; frame PYPzCJV-YXE_01.jpg shows the corresponding position tool by 6:20",dataset/live_trades.csv row PYPzCJV-YXE#1; notes/streams/PYPzCJV-YXE.md; transcripts/streams/PYPzCJV-YXE.txt [5:56]; evidence/frames/streams/PYPzCJV-YXE_00.jpg; evidence/frames/streams/PYPzCJV-YXE_01.jpg,2df3d588c4b6d82761df2ee0c6f6639e82ce3414,ea620cb44937f276be2e65ae7da25ae9503be655,IPV1_STAGE3_SOURCE_TIMESTAMP_AUDIT_V2
PxDGTxs-Cvc,1,2026-10-02,XAUUSD,long,22:02,~16:30 UTC+4 (08:30 NY; NFP release candle),EXACT_M1,16:30,source identifies NFP release-candle entry minute,dataset/live_trades.csv row PxDGTxs-Cvc#1; notes/streams/PxDGTxs-Cvc.md header/trade log,2df3d588c4b6d82761df2ee0c6f6639e82ce3414,ea620cb44937f276be2e65ae7da25ae9503be655,IPV1_STAGE3_SOURCE_TIMESTAMP_AUDIT_V2
PxDGTxs-Cvc,2,2026-10-02,XAUUSD,long,27:49,~16:35 UTC+4 (08:35 NY),EXACT_M1,16:35,exact relative stream timestamp/range plus exact source chart-clock anchor independently resolve the same displayed minute,dataset/live_trades.csv row PxDGTxs-Cvc#2; notes/streams/PxDGTxs-Cvc.md header/trade log,2df3d588c4b6d82761df2ee0c6f6639e82ce3414,ea620cb44937f276be2e65ae7da25ae9503be655,IPV1_STAGE3_SOURCE_TIMESTAMP_AUDIT_V2
PxDGTxs-Cvc,3,2026-10-02,XAUUSD,long,~35:28-39:42,~16:43-16:47 UTC+4,INTERVAL_ONLY,,source timestamp remains approximate/ranged at metadata-only audit,dataset/live_trades.csv row PxDGTxs-Cvc#3; notes/streams/PxDGTxs-Cvc.md header/trade log,2df3d588c4b6d82761df2ee0c6f6639e82ce3414,ea620cb44937f276be2e65ae7da25ae9503be655,IPV1_STAGE3_SOURCE_TIMESTAMP_AUDIT_V2
PxDGTxs-Cvc,4,2026-10-02,XAUUSD,long,51:36,~16:59 UTC+4 (08:59 NY),EXACT_M1,16:59,exact relative stream timestamp/range plus exact source chart-clock anchor independently resolve the same displayed minute,dataset/live_trades.csv row PxDGTxs-Cvc#4; notes/streams/PxDGTxs-Cvc.md header/trade log,2df3d588c4b6d82761df2ee0c6f6639e82ce3414,ea620cb44937f276be2e65ae7da25ae9503be655,IPV1_STAGE3_SOURCE_TIMESTAMP_AUDIT_V2
PxDGTxs-Cvc,5,2026-10-02,XAUUSD (Exness real),short,64:00,~17:12 UTC+4 (Exness 13:13 UTC),INTERVAL_ONLY,,source timestamp remains approximate/ranged at metadata-only audit,dataset/live_trades.csv row PxDGTxs-Cvc#5; notes/streams/PxDGTxs-Cvc.md header/trade log,2df3d588c4b6d82761df2ee0c6f6639e82ce3414,ea620cb44937f276be2e65ae7da25ae9503be655,IPV1_STAGE3_SOURCE_TIMESTAMP_AUDIT_V2
